Restaurant,Date,City,Cuisine,Joe,Lee,Hugo,Nik,Zoe,Courtney,Randal,Victoria,Aiden,Jamie,Jos,Charlie,Oscar,Jess,Caty,Gillian,Victoria's Mum,Mum,Dad,NC,Photos,MS
Ceviche,Mar-19,London,Peruvian; Tapas,7.0,7.0,7.0,,,,,,,,,,,,,,,,,,,
Gloria,May-19,London,Italian; Trattoria,9.5,9.0,8.0,,9.5,,,,,,,,,,,,,,,,,
El Pastor,Oct-19,London,Mexican; Tacos,8.5,8.5,8.0,,,,,,,,,,,,,,,,,,,
Chotto Matte,Nov-19,London,Japanese; Peruvian; Nikkei; Fine Dining,9.0,9.0,9.5,,,,,,,,,,,,,,,,,,"https://i.postimg.cc/FFjTk3rG/IMG-20191102-194518.jpg
https://i.postimg.cc/mZQm1CLw/IMG-20191102-194521.jpg
https://i.postimg.cc/dQ85Zrsy/IMG-20191102-194524.jpg
https://i.postimg.cc/PfmSvYXm/IMG-20191102-195207.jpg
https://i.postimg.cc/T2rt5gdn/IMG-20191102-200245.jpg
https://i.postimg.cc/2j40LhkQ/IMG-20191102-201140.jpg
https://i.postimg.cc/8khZfMpr/IMG-20191102-201324.jpg
https://i.postimg.cc/J7bpHZry/IMG-20191102-202006.jpg
https://i.postimg.cc/MZy9fV6V/IMG-20191102-202059.jpg
https://i.postimg.cc/xjK6NMf5/IMG-20191102-203528.jpg
https://i.postimg.cc/h492QTDz/IMG-20191102-205302.jpg",
Flesh and Buns,Mar-20,London,Japanese; Izakaya; Bao,6.5,6.5,7.0,,,,,,,,,,,,,,,,,,,
Brindisa,Sep-20,London,Spanish; Tapas,9.0,8.0,8.0,,,,,,,,,,,,,,,,,,,
La Fabrica,Oct-20,London,Spanish; Tapas,6.0,5.5,7.0,,,,,,,,,,,,,,,,,,"https://i.postimg.cc/wBPdMP59/IMG-20200829-205551.jpg
https://i.postimg.cc/s28Rx8Py/IMG-20200829-205618.jpg
https://i.postimg.cc/HLKCnK0d/IMG-20200829-205633.jpg
https://i.postimg.cc/43MTyMvg/IMG-20200829-210805.jpg",
Paladar,Apr-21,London,Latin American,9.0,8.5,9.0,,,,,,,,,,,,,,,,,,"https://i.postimg.cc/90G1JMfV/20210425-192946.jpg
https://i.postimg.cc/3R0t0954/20210425-192948.jpg
https://i.postimg.cc/76JKJX8Q/20210425-193404.jpg
https://i.postimg.cc/qq8QjR7h/20210425-193450.jpg
https://i.postimg.cc/rmRfRgXW/20210425-193457.jpg
https://i.postimg.cc/wvRwRF8N/20210425-193851.jpg
https://i.postimg.cc/bJSmSLc2/20210425-193856.jpg
https://i.postimg.cc/BbxNM6v5/20210425-194026.jpg
https://i.postimg.cc/HW5SpS9f/20210425-195117.jpg
https://i.postimg.cc/D0q5BZzm/20210425-195121.jpg
https://i.postimg.cc/NM2d2bq6/20210425-195135.jpg
https://i.postimg.cc/L5dNtfmH/20210425-205105.jpg",BG
MBER,Jun-21,London,Pan-Asian; Fusion,8.0,7.5,7.5,,7.5,,,,,,,,,,,,,,,,"https://i.postimg.cc/HWBr7mzq/20210618-192904.jpg
https://i.postimg.cc/L5Chdkhm/20210618-193109.jpg
https://i.postimg.cc/VsDJbwg3/20210618-194645.jpg
https://i.postimg.cc/RCXWnmd8/20210618-194650.jpg
https://i.postimg.cc/DfBSbh6M/20210618-194858.jpg
https://i.postimg.cc/8cKs8dcY/20210618-194901.jpg
https://i.postimg.cc/kMf2tCs1/20210618-195137.jpg
https://i.postimg.cc/59nXFJgP/20210618-195142.jpg
https://i.postimg.cc/3rnkDh1n/20210618-200507.jpg
https://i.postimg.cc/gcNx6psh/20210618-210157.jpg
https://i.postimg.cc/5y7jc5ys/20210618-210924.jpg
https://i.postimg.cc/4yLnCvy2/20210618-210927.jpg
https://i.postimg.cc/yxQWqhxr/20210618-210939.jpg",
Moro,Sep-21,London,Spanish; North African; Moorish,7.0,7.5,8.0,,7.0,,,,,,,,,,,,,,,,,
Bar Douro,Feb-22,London,Portuguese; Tapas,8.0,7.0,7.5,,,,,,,,,,,,,,,,,,,
Coya,Apr-22,London,Peruvian; Fine Dining,9.0,9.0,9.0,,,,,,,,,,,,,,,,,,"https://i.postimg.cc/sgtmd7Z3/IMG-0047.jpg
https://i.postimg.cc/0yLnRDJx/IMG-0048.jpg
https://i.postimg.cc/cLVhyw8s/IMG-0049.jpg
https://i.postimg.cc/RZ3dDXqZ/IMG-0050.jpg
https://i.postimg.cc/Mpc5FdXw/IMG-0051.jpg
https://i.postimg.cc/g2wsTNrW/IMG-0052.jpg
https://i.postimg.cc/zG97ZKR1/IMG-0053.jpg
https://i.postimg.cc/zGL7c038/IMG-0054.jpg
https://i.postimg.cc/qvtw5jqG/IMG-0055.jpg
https://i.postimg.cc/t41kM27R/IMG-0056.jpg
https://i.postimg.cc/3xy1cnW3/IMG-0057.jpg
https://i.postimg.cc/YCJRKYm7/IMG-0058.jpg
https://i.postimg.cc/pL9C6qyt/IMG-0059.jpg
https://i.postimg.cc/qMDQw9J1/IMG-0060.jpg
https://i.postimg.cc/XYZLzQqs/IMG-0061.jpg
https://i.postimg.cc/nhs2P0rP/IMG-0062.jpg
https://i.postimg.cc/zGL7c0v7/IMG-0063.jpg
https://i.postimg.cc/CxZ7Qm53/IMG-0064.jpg",
La Rampa,Oct-22,London,Cuban; Tapas,8.0,7.5,7.5,,,,,,,,,,,,,,,,,,,
Yauatcha,Nov-22,London,Chinese; Dim Sum,8.0,8.0,8.5,,,,,,,,,,,,,,,,,,,
Caldesi,Jan-23,London,Italian,7.5,7.0,5.0,,6.5,,,,,,,,,,,,,,,,,
Zapote,Mar-23,London,Mexican,8.0,8.0,8.0,,,,,,,,,,,,,,,,,,,
Hawksmoor,May-23,London,British; Steakhouse,8.5,8.0,8.0,,,,,,,,,,,,,,,,,,,
Andrew Edmunds,Oct-23,London,Modern European; British,7.5,7.5,7.5,,,,,,,,,,,,,,,,,,,
Sucre,Mar-24,London,Latin American; Argentinian,8.0,8.5,6.5,,,,,,,,,,,,,,,,,,,
Zima,Apr-24,London,Russian; Street Food,6.0,6.5,7.0,,,,,,,,,,,,,,,,,,,
Leroy,Jul-24,London,Modern European; French,7.5,8.0,8.5,,,,,,,,,,,,,,,,,,,1
The Seafood Bar,Jul-24,London,Seafood,,,7.0,9.0,,,,,,,,,,,,,,,,,"https://i.postimg.cc/Bn6QF7NL/IMG-1290.jpg
https://i.postimg.cc/3xRJGf9t/IMG-1291.jpg
https://i.postimg.cc/nhPVGKwK/IMG-1292.jpg
https://i.postimg.cc/cLb1B75f/IMG-1293.jpg
https://i.postimg.cc/9QnXYPNZ/IMG-1294.jpg",
Yautcha,Jul-24,London,Chinese; Dim Sum,,,8.5,8.0,,,,,,,,,,,,,,,,,,
Osteria Donna Carmela ,Aug-24,Malta,Italian,,7.0,6.0,,,,,,,,,,,,,,,,,,,
Papannis Italian Trattoria,Aug-24,Malta,Italian,,6.5,6.5,,,,,,,,,,,,,,,,,,"https://i.postimg.cc/2S4T4T6j/IMG-1523.jpg
https://i.postimg.cc/jSzvzv5s/IMG-1524.jpg
https://i.postimg.cc/BnxNxN6Q/IMG-1525.jpg
https://i.postimg.cc/L8zvzvX9/IMG-1526.jpg
https://i.postimg.cc/Y2sXkhZj/IMG-1529.jpg",
Taproom ,Aug-24,Malta,Maltese,,6.5,6.5,,,,,,,,,,,,,,,,,,"https://i.postimg.cc/pr6c6TNg/IMG-1478.jpg
https://i.postimg.cc/cCbkbHq5/IMG-1481.jpg
https://i.postimg.cc/rsPZPmXT/IMG-1482.jpg
https://i.postimg.cc/FFW6RPfx/IMG-1483.jpg
https://i.postimg.cc/PJRVRxsJ/IMG-1484.jpg
https://i.postimg.cc/sxNHNXdr/IMG-1485.jpg",
Muza ,Aug-24,Malta,Maltese,,7.0,7.0,,,,,,,,,,,,,,,,,,"https://i.postimg.cc/SsGwDkxJ/IMG-1442.jpg
https://i.postimg.cc/SsGwDkxj/IMG-1443.jpg",
One80 Gozo,Aug-24,Malta,Mediterranean; Modern European,,7.0,7.5,,,,,,,,,,,,,,,,,,"https://i.postimg.cc/MT4rsH8S/IMG-1499.jpg
https://i.postimg.cc/j5CFQNmz/IMG-1500.jpg
https://i.postimg.cc/N0dnHbJ7/IMG-1501.jpg
https://i.postimg.cc/Ssjv783T/IMG-1502.jpg
https://i.postimg.cc/sX1N9Sqm/IMG-1503.jpg
https://i.postimg.cc/zBMPdvYx/IMG-1504.jpg
https://i.postimg.cc/gJ5BMjbt/IMG-1505.jpg",
Chophouse Sliema,Aug-24,Malta,Steakhouse; Mediterranean,,7.5,8.0,,,,,,,,,,,,,,,,,,"https://i.postimg.cc/qB3mJkTn/IMG-1601.jpg
https://i.postimg.cc/wxmWq6pL/IMG-1602.jpg
https://i.postimg.cc/ryrhV8kT/IMG-1604.jpg
https://i.postimg.cc/CMqvhFgw/IMG-1605.jpg
https://i.postimg.cc/mZHdLbs7/IMG-1613.jpg
https://i.postimg.cc/66vHW9Xh/IMG-1614.jpg
https://i.postimg.cc/c1nDxsS6/IMG-1615.jpg
https://i.postimg.cc/xjzsf02K/IMG-1618.jpg
https://i.postimg.cc/nVDdFHJF/IMG-1619.jpg
https://i.postimg.cc/1RqWm9Q3/IMG-1620.jpg
https://i.postimg.cc/1RqWm9QX/IMG-1621.jpg
https://i.postimg.cc/xjzsf02n/IMG-1623.jpg",
Roka,Aug-24,London,Japanese; Robatayaki; Fine Dining,,,8.0,8.0,,,,,,,,,,,,,,,,,"https://i.postimg.cc/9F2BcZbn/PXL-20240830-184535425-MP.jpg
https://i.postimg.cc/dtF9Jr6N/PXL-20240830-185930849-MP.jpg
https://i.postimg.cc/ZKmLJpjz/PXL-20240830-185934701-MP.jpg
https://i.postimg.cc/CL04wk7m/PXL-20240830-190546738-MP.jpg
https://i.postimg.cc/yYKT7cjf/PXL-20240830-192200514-MP.jpg
https://i.postimg.cc/0y2dwvLf/PXL-20240830-192204441-MP.jpg
https://i.postimg.cc/Z5KFdm1N/PXL-20240830-192206269-MP.jpg
https://i.postimg.cc/fRTj9s6X/PXL-20240830-192208494-MP.jpg
https://i.postimg.cc/rwFCrTv0/PXL-20240830-192211518-MP.jpg
https://i.postimg.cc/VkG99TwN/PXL-20240830-192213180-MP.jpg
https://i.postimg.cc/3xSjj6T6/PXL-20240830-192215029-MP.jpg
https://i.postimg.cc/SxTLL5hT/PXL-20240830-192336815-MP.jpg
https://i.postimg.cc/3xJCvhPS/PXL-20240830-194412830-MP.jpg
https://i.postimg.cc/Xvrfs8Nj/PXL-20240830-195947699-MP.jpg",
One80 Valetta,Aug-24,Malta,Mediterranean; Modern European,,8.0,8.5,,,,,,,,,,,,,,,,,,"https://i.postimg.cc/ZRhSwwP1/IMG-1415.jpg
https://i.postimg.cc/HxCg660B/IMG-1417.jpg
https://i.postimg.cc/pTYt4Kq2/IMG-1418.jpg
https://i.postimg.cc/3N8HTWcv/IMG-1419.jpg
https://i.postimg.cc/V6c8KK9V/IMG-1422.jpg
https://i.postimg.cc/nzYtgqTd/IMG-1423.jpg",
45 Jermyn Street,Aug-24,London,British; Modern European,,,8.5,9.0,,,,,,,,,,,,,,,,,"https://i.postimg.cc/y6mFpWKv/PXL-20240831-183755674-MP.jpg
https://i.postimg.cc/jdRypKqZ/PXL-20240831-183758016-MP.jpg
https://i.postimg.cc/59BwKjJR/PXL-20240831-183802018-MP.jpg
https://i.postimg.cc/DfrqpmhN/PXL-20240831-190350675-MP-2.jpg
https://i.postimg.cc/mZYQph43/PXL-20240831-190354178-3.jpg",
Heroica Lounge,Sep-24,London,Italian; Pizza,,,7.0,7.0,,,,,,,,,,,,,,,,,,
Farzi,Sep-24,London,Indian; Pan-Indian,,,7.0,8.5,,,,,,,,,,,,,,,,,https://i.postimg.cc/Zn4yzFmr/PXL-20240914-191505377.jpg,
Marceline,Sep-24,London,French; Brasserie,,,8.0,8.0,,,,,,,,,,,,,,,,,"https://i.postimg.cc/76Mf9GzM/PXL-20240915-121108634.jpg
https://i.postimg.cc/2y03ps2k/PXL-20240915-121533339-MP.jpg
https://i.postimg.cc/3NtWMsn3/PXL-20240915-123931518-MP.jpg
https://i.postimg.cc/j2xCFx6f/PXL-20240915-123934395-MP.jpg",
Crudo,Sep-24,London,Peruvian; Ceviche,,,8.0,8.0,,,,,,,,,,,,,,,,,"https://i.postimg.cc/nzkhB88k/PXL-20240920-185840762-MP.jpg
https://i.postimg.cc/W3n1gRR9/PXL-20240920-185849249-MP.jpg
https://i.postimg.cc/43pd47BS/PXL-20240920-191907385-MP.jpg
https://i.postimg.cc/1tPz8md1/PXL-20240920-191912888-MP.jpg
https://i.postimg.cc/KzN8BXXr/PXL-20240920-192421991-MP.jpg
https://i.postimg.cc/T3z1Xqqn/PXL-20240920-193723797-MP.jpg
https://i.postimg.cc/cCL4cD0x/PXL-20240920-194247291-MP.jpg
https://i.postimg.cc/BnrbGccB/PXL-20240920-194250310-MP.jpg
https://i.postimg.cc/t4KJHttY/PXL-20240920-194711143-MP.jpg
https://i.postimg.cc/cLpCNMMw/PXL-20240920-200559119-MP.jpg
https://i.postimg.cc/T13YckGc/PXL-20240920-201905857-MP.jpg
https://i.postimg.cc/j2Sdh8K9/PXL-20240920-202000122-MP.jpg",
The Oystermen ,Sep-24,London,Seafood,,,8.5,9.0,,,,,,,,,,,,,,,,,"https://i.postimg.cc/52RvQC5X/PXL-20240907-193700468-MP.jpg
https://i.postimg.cc/vZN9xV7g/PXL-20240907-194302912-MP.jpg
https://i.postimg.cc/P5RZvwbL/PXL-20240907-200140833-MP.jpg
https://i.postimg.cc/CxQDnqCd/PXL-20240907-200143194-MP.jpg",
Carmel,Oct-24,London,Eastern Mediterranean; Middle Eastern,7.0,7.0,6.5,6.5,6.5,7.0,,,,,,,,,,,,,,,https://i.postimg.cc/rmhYntmB/IMG-1765.jpg,
The Devonshire,Oct-24,London,British; Pub; Grill,,,7.5,,,,8.0,8.0,,,,,,,,,,,,,"https://i.postimg.cc/rmnLqqX3/PXL-20241002-193159092-MP.jpg
https://i.postimg.cc/yxDCd2s2/PXL-20241002-193209622-MP.jpg
https://i.postimg.cc/0QWq99R3/PXL-20241002-193213815-MP.jpg
https://i.postimg.cc/k41d77Pr/PXL-20241002-202626700-MP.jpg
https://i.postimg.cc/Y0vB9TM5/PXL-20241002-202706327-MP.jpg
https://i.postimg.cc/hjyqKKRR/PXL-20241002-202725882-MP.jpg",
Bentleys,Oct-24,London,Seafood; British,,,9.0,9.5,,,,,,,,,,,,,,,,,"https://i.postimg.cc/xjXdq4xH/PXL-20241012-183229068-MP.jpg
https://i.postimg.cc/XNrvXzH7/PXL-20241012-183233118-MP.jpg
https://i.postimg.cc/7hGjD7NT/PXL-20241012-183600530.jpg
https://i.postimg.cc/XqGt3FgK/PXL-20241012-184530479-MP.jpg
https://i.postimg.cc/cCp2JHDP/PXL-20241012-191202077-MP.jpg
https://i.postimg.cc/C53XK1vf/PXL-20241012-191203707-MP.jpg
https://i.postimg.cc/Vvr21MFB/PXL-20241012-191205515-MP.jpg
https://i.postimg.cc/3NsVwRLt/PXL-20241012-191441645-MP.jpg
https://i.postimg.cc/cCp2JHDh/PXL-20241012-194107069-MP.jpg
https://i.postimg.cc/1Xk2ztWG/PXL-20241012-195744001-MP.jpg
https://i.postimg.cc/4y7jZt1p/PXL-20241012-195747484-MP.jpg",
Roe,Sep-24,London,British; Modern European,,,,,,,,,,,,,,,,,,,,8.0,"https://i.postimg.cc/9FvC4XR5/PXL-20240928-191233226-MP.jpg
https://i.postimg.cc/hPHcJ4JN/PXL-20240928-192228164-MP.jpg
https://i.postimg.cc/t4WyF0WF/PXL-20240928-194717410-MP.jpg
https://i.postimg.cc/KvdxKckc/PXL-20240928-195430369-MP.jpg
https://i.postimg.cc/3JPYyr4Y/PXL-20240928-195435774-MP.jpg
https://i.postimg.cc/HkXHbGXJ/PXL-20240928-203437862-MP.jpg
https://i.postimg.cc/y8cB0qcg/PXL-20240928-203440402-MP-2.jpg",
Roe,Nov-24,London,British; Modern European,8.0,8.0,8.0,,,,,,,,,,,,,,,,,,"https://i.postimg.cc/ryBb6fD6/PXL-20241116-203903568-MP.jpg
https://i.postimg.cc/XNRhMspT/PXL-20241116-204213649-MP.jpg
https://i.postimg.cc/7PFcvKfF/PXL-20241116-204216150-MP.jpg",
Seafood Bar,Nov-24,London,Seafood,,,8.0,,,,7.0,7.0,,,,,,,,,,7.0,7.5,,"https://i.postimg.cc/9QpN7VJz/PXL-20241123-155454031-MP-4.jpg
https://i.postimg.cc/7ZVQ2Dm5/PXL-20241123-155503893.jpg",
Oysteria,Nov-24,London,Italian; Seafood,,,7.5,7.5,,,,,,,,,,,,,,,,,"https://i.postimg.cc/ZY7PpXdN/PXL-20250816-135425749.jpg
https://i.postimg.cc/MZP0VgQD/PXL-20250816-135428318-MP.jpg
https://i.postimg.cc/nVRKBNDq/PXL-20250816-135655231.jpg
https://i.postimg.cc/Kcq7BCMr/PXL-20250816-143012410.jpg
https://i.postimg.cc/L6JtTvtG/PXL-20250816-143326266.jpg
https://i.postimg.cc/kX2QcwNP/PXL-20250816-143427140.jpg
https://i.postimg.cc/qMNsLQcf/PXL-20250816-143428841.jpg",
Hawksmoor City,Nov-24,London,British; Steakhouse,,,7.5,,,,,,7.5,,,,,,,,,,,,"https://i.postimg.cc/RVT2mM7R/PXL-20241101-195756432-MP.jpg
https://i.postimg.cc/8PbxG1Rt/PXL-20241101-195757980-MP.jpg
https://i.postimg.cc/nhcgc62S/PXL-20241101-195759243.jpg
https://i.postimg.cc/pXB3v2fB/PXL-20241101-202437507-MP.jpg
https://i.postimg.cc/m2SK4bYj/PXL-20241101-202439369-MP.jpg",
The Scallop Shell,Nov-24,Bath,Seafood; Fish & Chips,,,8.0,8.0,,,,,,,,,,,,,,,,,"https://i.postimg.cc/65FPXYTT/PXL-20241102-131447674-MP.jpg
https://i.postimg.cc/65FPXYqm/PXL-20241102-131449392-MP.jpg
https://i.postimg.cc/CL92gm53/PXL-20241102-131450901-MP.jpg
https://i.postimg.cc/TYBs6C1B/PXL-20241102-131454556-MP.jpg
https://i.postimg.cc/9FskhJzf/PXL-20241102-134809728-MP.jpg
https://i.postimg.cc/3JzqTnWR/PXL-20241102-134818328-MP.jpg
https://i.postimg.cc/qMWFTjqb/PXL-20241102-134826973-MP.jpg",
Maison Francois,Nov-24,London,French; Brasserie,,,8.0,8.5,,,,,,,,,,,,,,,,,"https://i.postimg.cc/pdGg78hJ/PXL-20241130-192517856.jpg
https://i.postimg.cc/5t7ZGvYH/PXL-20241130-192525629-MP.jpg
https://i.postimg.cc/g0Sf5RXr/PXL-20241130-193437804-MP-2.jpg
https://i.postimg.cc/vmqpj9gT/PXL-20241130-193439641-MP-2.jpg
https://i.postimg.cc/bvCKMbDb/PXL-20241130-193500870-2.jpg
https://i.postimg.cc/Gp7ZNY84/PXL-20241130-193534764-MP-2.jpg
https://i.postimg.cc/nLR657jB/PXL-20241130-201718934-2.jpg
https://i.postimg.cc/rpnvbW0C/PXL-20241130-201733773-MP-2.jpg",
Boisdale,Nov-24,London,Scottish; British; Modern European,,,8.0,9.0,,,,,,,,,,,,,,,,,"https://i.postimg.cc/gcTSVNVz/PXL-20241109-205413748-MP.jpg
https://i.postimg.cc/7PWs3m3h/PXL-20241109-205417479-MP.jpg
https://i.postimg.cc/MKfsdV5Y/PXL-20241109-205719894-MP-2.jpg
https://i.postimg.cc/rs3fqwVB/PXL-20241109-205723986-MP-2.jpg
https://i.postimg.cc/7hdKqZHd/PXL-20241109-211047995-MP.jpg
https://i.postimg.cc/VL07DngR/PXL-20241109-211052687-MP-2.jpg
https://i.postimg.cc/654HYncr/PXL-20241109-211054806-MP-2.jpg
https://i.postimg.cc/Y0ZdtCrJ/PXL-20241109-211056745-MP.jpg
https://i.postimg.cc/8c9ZTzp0/PXL-20241109-211059745-NIGHT-2.jpg
https://i.postimg.cc/VsVGqDqn/PXL-20241109-214030752-MP-2.jpg
https://i.postimg.cc/XNzHfQfV/PXL-20241109-214033090-MP-3.jpg",
The Raven,Nov-24,Bath,British; Pub,,,8.0,9.5,,,,,,,,,,,,,,,,,"https://i.postimg.cc/NMGJ4nCr/PXL-20241102-202011145-MP.jpg
https://i.postimg.cc/yd6QPGpZ/PXL-20241102-202019125-MP.jpg
https://i.postimg.cc/SsQTrP1Y/PXL-20241102-204843736-MP.jpg
https://i.postimg.cc/4d4L5027/PXL-20241102-204852519-MP.jpg",
The Hero,Dec-24,London,British; Pub,,7.5,7.0,,,,,,,,,,,,,,,,,,,
Roe,Dec-24,London,British; Modern European,,,7.0,7.5,,,,,,,,,,,,,,,,,,
Wright Brothers,Dec-24,London,Seafood; British,,,7.5,8.5,,,,,,,,,,,,,,,,,"https://i.postimg.cc/DzZNqZj7/PXL-20241206-203849133-MP.jpg
https://i.postimg.cc/JhnFbn64/PXL-20241206-203903488-MP.jpg
https://i.postimg.cc/QMtzpt4G/PXL-20241206-210800656-MP.jpg
https://i.postimg.cc/VN6hj6Gc/PXL-20241206-210803605-MP.jpg
https://i.postimg.cc/CK12j1Pp/PXL-20241206-210806203-MP.jpg
https://i.postimg.cc/mrDnQDX1/PXL-20241206-210808848-MP.jpg
https://i.postimg.cc/Gp2fk273/PXL-20241206-210812351-MP.jpg
https://i.postimg.cc/q7RF8RmP/PXL-20241206-212926897.jpg
https://i.postimg.cc/s2XLpX6X/PXL-20241206-212930295-MP.jpg",
Meraki,Dec-24,London,Greek; Mediterranean,,,8.0,8.0,,,,,,,,,,,,,,,,,"https://i.postimg.cc/L4BV8SDP/IMG-1824.jpg
https://i.postimg.cc/6q0VjVTw/PXL-20241220-201508524-MP.jpg
https://i.postimg.cc/qqLcbcgB/PXL-20241220-201642259-MP.jpg
https://i.postimg.cc/Kcr58bfB/PXL-20241220-201645153-MP.jpg
https://i.postimg.cc/9XtBQ2by/PXL-20241220-201731914-MP.jpg
https://i.postimg.cc/mZNSg4j3/PXL-20241220-202050832-MP.jpg
https://i.postimg.cc/8cHdKdsG/PXL-20241220-202712828-MP.jpg
https://i.postimg.cc/FzZbWb19/PXL-20241220-204354347-MP.jpg
https://i.postimg.cc/c1McLWhQ/PXL-20241220-204720361-MP.jpg",
Chotto Matte,Dec-24,London,Japanese; Peruvian; Nikkei; Fine Dining,,,8.5,8.5,,,,,,,,,,,,,,,,,"https://i.postimg.cc/7hgtxT67/PXL-20241214-185640347-MP.jpg
https://i.postimg.cc/MHy3WjT5/PXL-20241214-190041307-MP.jpg
https://i.postimg.cc/Bbx7q16m/PXL-20241214-190323552-MP.jpg
https://i.postimg.cc/QCpYXWtY/PXL-20241214-190805626-MP.jpg
https://i.postimg.cc/rsSZ8tmC/PXL-20241214-192916875-MP.jpg
https://i.postimg.cc/2y49zB6Q/PXL-20241214-194146028-MP.jpg
https://i.postimg.cc/j2z3sJ57/PXL-20241214-194151955-MP-2.jpg",
Hawksmoor Canary Wharf,Dec-24,London,British; Steakhouse,,,8.5,9.0,,,,,,,,,,,,,,,,,,
Fallow,Jan-25,London,British; Modern European; Sustainable,,,5.5,6.0,,,,,,,,,,,,,,,,,"https://i.postimg.cc/hvyzQ2fq/PXL-20250111-214437308-MP-2.jpg
https://i.postimg.cc/WzWFq5hv/PXL-20250111-214522201-MP-2.jpg
https://i.postimg.cc/VvGr0K5h/PXL-20250111-214740601-MP-2.jpg
https://i.postimg.cc/NFJ92dLZ/PXL-20250111-214744223-MP-2.jpg
https://i.postimg.cc/T17L5thF/PXL-20250111-221715165-MP-2.jpg
https://i.postimg.cc/BbYLPmtd/PXL-20250111-221716975-MP-2.jpg
https://i.postimg.cc/Zn7BvwCm/PXL-20250111-221719543-MP-2.jpg
https://i.postimg.cc/WzWFq5tK/PXL-20250111-222112176-MP-2.jpg",
Agora,Jan-25,London,Greek; Mediterranean,,,7.0,,,,7.5,7.0,,,,,,,,,,,,,"https://i.postimg.cc/t4f3M4qf/PXL-20250104-191345495-MP.jpg
https://i.postimg.cc/kgZQpgJ0/PXL-20250104-191918640-MP.jpg
https://i.postimg.cc/4xM6Sx4Z/PXL-20250104-191920785-MP.jpg
https://i.postimg.cc/JzgN2z7R/PXL-20250104-191922635-MP.jpg
https://i.postimg.cc/3xWj1vTV/PXL-20250104-192820774-MP.jpg
https://i.postimg.cc/52j5gCVZ/PXL-20250104-192823452-MP.jpg
https://i.postimg.cc/FH1bpLvm/PXL-20250104-192825739-MP.jpg
https://i.postimg.cc/y8WhjZKK/PXL-20250104-192846493.jpg
https://i.postimg.cc/x1qG5z2B/PXL-20250104-193016510-MP.jpg
https://i.postimg.cc/Z50PHdSM/PXL-20250104-193019659-MP.jpg",
Bread Street Kitchen,Jan-25,London,British; Modern European,,,7.5,7.0,,,,,,,,,,,,,,,,,"https://i.postimg.cc/26CVHsWD/PXL-20250118-203817315-MP.jpg
https://i.postimg.cc/NMQ5N3Xj/PXL-20250118-203847042.jpg
https://i.postimg.cc/QtjH627L/PXL-20250118-205402265.jpg
https://i.postimg.cc/26CVHsWR/PXL-20250118-205406901-MP.jpg",
Lita,Jan-25,London,Mediterranean; Modern European,,8.5,,,,8.5,,,,,,,,,,,,,,,,1
Silva,Feb-25,London,Mediterranean; Modern European,8.0,8.0,7.5,,,,,,,,,,,,,,,,,,"https://i.postimg.cc/Nf2fxsnF/PXL-20250125-194156804-MP.jpg
https://i.postimg.cc/kMpg86TS/PXL-20250125-194159177-MP.jpg
https://i.postimg.cc/90KXjKDx/PXL-20250125-194201247-MP.jpg
https://i.postimg.cc/h45txz2t/PXL-20250125-195646232-MP.jpg
https://i.postimg.cc/sfNgSQTD/PXL-20250125-195656733-MP.jpg
https://i.postimg.cc/3NVrHVkG/PXL-20250125-195700040.jpg
https://i.postimg.cc/PJ9fk9CM/PXL-20250125-201928106-MP.jpg
https://i.postimg.cc/gjQcPQxq/PXL-20250125-201930573-MP.jpg
https://i.postimg.cc/2jKSvb0Y/PXL-20250125-201934737-MP.jpg
https://i.postimg.cc/MHNZ8Nn6/PXL-20250125-201940733-MP.jpg
https://i.postimg.cc/fypWhpVM/PXL-20250125-211103446-MP.jpg
https://i.postimg.cc/j2LqmtSL/PXL-20250125-211106445-MP.jpg
https://i.postimg.cc/T1F2XFK2/PXL-20250125-211109010-MP.jpg",
Blacklock,Feb-25,London,British; Steakhouse; Chops,,,7.0,7.0,,,,,,,,,,,,,,,,,"https://i.postimg.cc/6pQtJT0H/PXL-20250202-124633283.jpg
https://i.postimg.cc/Bnv49tgV/PXL-20250202-124803679-MP.jpg
https://i.postimg.cc/ht3gSgyr/PXL-20250202-130743375-MP.jpg
https://i.postimg.cc/SxKkFjr1/PXL-20250202-130746102-MP.jpg",
Som Saa,Feb-25,London,Thai; Regional Thai,,,7.5,8.0,,,,,,,,,,,,,,,,,"https://i.postimg.cc/RhQ49Hyj/PXL-20250216-132729893-MP.jpg
https://i.postimg.cc/L5B2R1wc/PXL-20250216-132733938-MP.jpg
https://i.postimg.cc/pVD2KwrP/PXL-20250216-132850721-MP.jpg
https://i.postimg.cc/sx9syhqq/PXL-20250216-134740137-MP-3.jpg
https://i.postimg.cc/7hMwD2dj/PXL-20250216-134834612-MP.jpg",
Santo Remedio,Feb-25,London,Mexican,,,8.0,8.5,,,,,,,,,,,,,,,,,"https://i.postimg.cc/MTBzP4D6/PXL-20250222-192818273-MP.jpg
https://i.postimg.cc/zBhqtMjX/PXL-20250222-192821516-MP.jpg
https://i.postimg.cc/fLdM2FKW/PXL-20250222-192826993-MP.jpg",BG
Lita,Feb-25,London,Mediterranean; Modern European,,,8.0,8.5,,,,,,,,,,,,,,,,,"https://i.postimg.cc/W30P6ZNb/PXL-20250201-194056342-MP.jpg
https://i.postimg.cc/vB5dLnQp/PXL-20250201-195347840-MP.jpg
https://i.postimg.cc/mD7GN9L4/PXL-20250201-195351258-MP.jpg
https://i.postimg.cc/fLYhjdzn/PXL-20250201-195503448-MP.jpg
https://i.postimg.cc/gJ3Pqhzz/PXL-20250201-195707806-MP-3.jpg
https://i.postimg.cc/gJ3PqhY7/PXL-20250201-200136619-MP.jpg
https://i.postimg.cc/DZ1KdG2M/PXL-20250201-204010211-MP.jpg
https://i.postimg.cc/LXjMBPHw/PXL-20250201-204456240-MP.jpg
https://i.postimg.cc/RFwzQtSB/PXL-20250201-213040764-MP.jpg
https://i.postimg.cc/MT18bB6q/PXL-20250201-213116584-MP.jpg",1
Canteen,Feb-25,London,British; Modern European,,8.5,,,,8.5,,,,,,,,,,,,,,,,BG
Japes,Feb-25,London,Chicago Deep Dish; Pizza,,,7.0,8.0,,,,,,,,,,,,,,,,,"https://i.postimg.cc/MK2nS0Mj/PXL-20250322-192016005-MP.jpg
https://i.postimg.cc/PrsCjbpD/PXL-20250322-192018899-MP.jpg",
Duck and Waffle,Mar-25,London,British; Modern European,,,8.0,8.0,,,,,,,,,,,,,,,,,"https://i.postimg.cc/XYnXZVgd/PXL-20250316-105936756-MP.jpg
https://i.postimg.cc/NjQLygx1/PXL-20250316-105940362-MP.jpg",
Lorne,Mar-25,London,British; Modern European,,,8.0,9.0,,,,,,,,,,,,,,,,,"https://i.postimg.cc/7ZBPfS67/PXL-20250308-190950246-MP.jpg
https://i.postimg.cc/vZ8HY0QX/PXL-20250308-191930939-MP.jpg
https://i.postimg.cc/W1pbN52X/PXL-20250308-191934375-MP.jpg
https://i.postimg.cc/wjxTqw6w/PXL-20250308-191940363-MP.jpg
https://i.postimg.cc/NjNG5RM8/PXL-20250308-194916935-MP.jpg
https://i.postimg.cc/JzT7Gjnc/PXL-20250308-194919556-MP.jpg",
45 Jermyn Street,Mar-25,London,British; Modern European,,,8.5,9.0,,,,,,,,,,,,,,,,,"https://i.postimg.cc/MZRGdcPW/PXL-20250315-191823974-MP.jpg
https://i.postimg.cc/ZY3qV97S/PXL-20250315-191831266-MP.jpg
https://i.postimg.cc/05mNc6Wq/PXL-20250315-192910478-MP.jpg
https://i.postimg.cc/MHyKT4M3/PXL-20250315-192928033-MP.jpg
https://i.postimg.cc/RCf0X3s4/PXL-20250315-192949474-MP.jpg
https://i.postimg.cc/FzjsRqdP/PXL-20250315-194201990-MP.jpg
https://i.postimg.cc/sxpDX8Q6/PXL-20250315-194212445-MP.jpg
https://i.postimg.cc/rsSFmb0Y/PXL-20250315-194618886-MP.jpg
https://i.postimg.cc/Wpr4XDWV/PXL-20250315-203027928-MP.jpg
https://i.postimg.cc/59vtnH7N/PXL-20250315-203034032-MP.jpg
https://i.postimg.cc/NGT0pyJv/PXL-20250315-203037485-MP.jpg",
Fonda,Apr-25,London,Mexican,9.0,8.5,7.5,,,,,,,,,,,,,,,,,,"https://i.postimg.cc/gk86Xtbb/PXL-20250419-202217827-MP.jpg
https://i.postimg.cc/tCWVZvQ8/PXL-20250419-202756545-MP-3.jpg
https://i.postimg.cc/PrY8pVnH/PXL-20250419-202758525-MP-3.jpg
https://i.postimg.cc/y8K3Fh7q/PXL-20250419-202802123-MP.jpg
https://i.postimg.cc/pXznhcMx/PXL-20250419-204658757-MP.jpg
https://i.postimg.cc/Jz8Hb3Mv/PXL-20250419-205116096-MP.jpg
https://i.postimg.cc/QdDKpghv/PXL-20250419-205118253-MP.jpg
https://i.postimg.cc/nhx9vKnJ/PXL-20250419-211033602-MP-2.jpg
https://i.postimg.cc/nhx9vKnn/PXL-20250419-211037916-MP-2.jpg
https://i.postimg.cc/m2CFzpf0/PXL-20250419-211040017-MP-2.jpg
https://i.postimg.cc/cLWtQ7dG/PXL-20250419-215405471-MP.jpg
https://i.postimg.cc/hPT7zZRB/PXL-20250419-215408523-MP.jpg",
Din Tai Fung,Apr-25,London,Taiwanese; Dim Sum; Chinese,,,7.0,8.0,,,,,,,,,,,,,,,,,"https://i.postimg.cc/ryvrpXbw/PXL-20250425-185206414-MP.jpg
https://i.postimg.cc/qB937VYt/PXL-20250425-185210630-MP.jpg
https://i.postimg.cc/xjWzdD7X/PXL-20250425-185705775-MP.jpg
https://i.postimg.cc/Y2JWSKV2/PXL-20250425-185707448-MP.jpg
https://i.postimg.cc/XNTCvSh7/PXL-20250425-185709994-MP.jpg
https://i.postimg.cc/v8pVmFjY/PXL-20250425-190038232-MP.jpg
https://i.postimg.cc/59ZCtdGj/PXL-20250425-192034812-MP.jpg",
Anglothai,Apr-25,London,Thai; British,,,8.5,,,,9.0,8.0,,,,,,,,,,9.0,9.0,,"https://i.postimg.cc/YSn4KJY4/PXL-20250405-172020392-MP.jpg
https://i.postimg.cc/YSn4KJYg/PXL-20250405-173043750-MP.jpg
https://i.postimg.cc/BvY89dHL/PXL-20250405-173046615-MP.jpg
https://i.postimg.cc/0NW6RLDS/PXL-20250405-173049184-MP.jpg
https://i.postimg.cc/50XXxnSB/PXL-20250405-173054928-MP.jpg
https://i.postimg.cc/G244cqxq/PXL-20250405-174318947-MP.jpg
https://i.postimg.cc/FRYY9DVP/PXL-20250405-174321480-MP.jpg
https://i.postimg.cc/1t889JrH/PXL-20250405-175950503-MP.jpg
https://i.postimg.cc/V6JJYDWM/PXL-20250405-175952665-MP.jpg
https://i.postimg.cc/50XXxnSS/PXL-20250405-175955553-MP.jpg
https://i.postimg.cc/qRNNkjxG/PXL-20250405-181031121-MP.jpg
https://i.postimg.cc/Jnss1P5b/PXL-20250405-182143864-MP.jpg
https://i.postimg.cc/LXJJHN3J/PXL-20250405-183937729-MP.jpg
https://i.postimg.cc/V6JJYDWn/PXL-20250405-183952644-MP.jpg
https://i.postimg.cc/j5DDsZ4y/PXL-20250405-183956110-MP.jpg
https://i.postimg.cc/d1hhq4jy/PXL-20250405-184023210-MP.jpg
https://i.postimg.cc/1zCghLw0/PXL-20250405-191037663-MP.jpg
https://i.postimg.cc/W3dd2XwD/PXL-20250405-192222465-MP.jpg
https://i.postimg.cc/85771tmf/PXL-20250405-192224810-MP.jpg
https://i.postimg.cc/hGyJWHT9/PXL-20250405-193928209-MP.jpg",1
Goodman (Canary Wharf),Apr-25,London,American; Steakhouse,,,9.0,8.5,,,,,,,,,,,,,,,,,"https://i.postimg.cc/VvM5tvTR/IMG-1885.jpg
https://i.postimg.cc/2jB1M95M/PXL-20250404-200630279-MP.jpg
https://i.postimg.cc/x8Hqm87g/PXL-20250404-200643158-MP.jpg
https://i.postimg.cc/tRVswvgc/PXL-20250404-202957947-MP.jpg",
Brasserie Blanc,May-25,Bournemouth,French; Brasserie,,,5.5,7.0,,,,,,,,,,,,,,,,,,
Rick Stein,May-25,Poole,Seafood; British,,,7.0,6.5,,,,,,,,,,,,,,,,,"https://i.postimg.cc/L5Z2WWBD/PXL-20250503-113612634-MP.jpg
https://i.postimg.cc/WzJTyy6n/PXL-20250503-113614409-MP.jpg
https://i.postimg.cc/8crNYYBm/PXL-20250503-115953686-MP.jpg
https://i.postimg.cc/KjgxWWr5/PXL-20250503-115956441-MP.jpg",
Temper ,May-25,London,Steak,,,7.5,,,,7.0,7.5,,,,,,,,,,,,,,
El Pastor,May-25,London,Mexican; Tacos,,,7.0,8.0,,,,,,,,,,,,,,,,,"https://i.postimg.cc/s29B6MDm/PXL-20250531-171210482-MP.jpg
https://i.postimg.cc/k5FV12Xp/PXL-20250531-171212877-MP.jpg
https://i.postimg.cc/8CBFK7PH/PXL-20250531-172129568-MP.jpg
https://i.postimg.cc/mrNcXP2y/PXL-20250531-172516797-MP.jpg
https://i.postimg.cc/s29B6MDT/PXL-20250531-172518690-MP.jpg",
Lurra,May-25,London,Basque; Spanish; Grill,,,8.5,8.0,,,,,,,,,,,,,,,,,"https://i.postimg.cc/k52dhZcC/PXL-20250524-190939770-MP.jpg
https://i.postimg.cc/s2MR08cD/PXL-20250524-191409838-MP.jpg
https://i.postimg.cc/PqCkFc4G/PXL-20250524-191836723-MP.jpg
https://i.postimg.cc/9fDjNSBn/PXL-20250524-192517889-MP.jpg
https://i.postimg.cc/hGXq3w0Y/PXL-20250524-193810079-MP.jpg
https://i.postimg.cc/251fXJxJ/PXL-20250524-195301150-MP.jpg",
Ibai,May-25,London,Basque; Spanish; Steakhouse,,,8.5,,,,8.5,,,,,,,,,,,,9.0,,"https://i.postimg.cc/G3S45wrk/PXL-20250530-194957559-MP.jpg
https://i.postimg.cc/FFnYB5mp/PXL-20250530-194959950-MP.jpg
https://i.postimg.cc/Zng0B3VR/PXL-20250530-195003897-MP.jpg
https://i.postimg.cc/1RY8jhPD/PXL-20250530-195246794-MP.jpg
https://i.postimg.cc/nVwXPbZB/PXL-20250530-195434758-MP.jpg
https://i.postimg.cc/v8S4NFM0/PXL-20250530-202005622.jpg
https://i.postimg.cc/gj5rXRNj/PXL-20250530-202832974-MP.jpg
https://i.postimg.cc/qqYghnj7/PXL-20250530-205218435-MP.jpg
https://i.postimg.cc/j29CwNZS/PXL-20250530-205221097-MP.jpg
https://i.postimg.cc/ZYDWMtZP/PXL-20250530-205223398-MP.jpg
https://i.postimg.cc/DfYSMkFB/PXL-20250530-205225171-MP.jpg
https://i.postimg.cc/DfYSMkF5/PXL-20250530-205227477-MP.jpg",
Roe,Jul-25,London,British; Modern European,,,8.0,7.5,,,,,,,,,,,,,,,,,"https://i.postimg.cc/7Z3jf4Z0/PXL-20250704-194132741.jpg
https://i.postimg.cc/2SQgVYS4/PXL-20250704-200557166.jpg
https://i.postimg.cc/kgQLBCgS/PXL-20250704-200656794.jpg
https://i.postimg.cc/W1GxhV1m/PXL-20250704-200753506.jpg
https://i.postimg.cc/7Z3jf4ZM/PXL-20250704-201603270.jpg
https://i.postimg.cc/kgQLBCg8/PXL-20250704-204711396.jpg",
Roe,Jun-25,London,British; Modern European,,,8.0,8.0,,,,,,,,,,,,,,,,,"https://i.postimg.cc/prdnnPvn/PXL-20250601-133327301-MP.jpg
https://i.postimg.cc/L5sZZmSk/PXL-20250601-133353200-MP.jpg
https://i.postimg.cc/PJq88dHy/PXL-20250601-133758057-MP.jpg
https://i.postimg.cc/x8dbb9Qy/PXL-20250601-134049748-MP.jpg
https://i.postimg.cc/T1PWWTxk/PXL-20250601-134311486-MP.jpg
https://i.postimg.cc/76926fF5/PXL-20250601-134313390-MP.jpg
https://i.postimg.cc/gj066GpV/PXL-20250601-134314807.jpg
https://i.postimg.cc/J0hBBR8J/PXL-20250601-134459619-MP.jpg
https://i.postimg.cc/MHGjjzwQ/PXL-20250601-141218936-MP.jpg
https://i.postimg.cc/j5c75Lpw/PXL-20250601-141221074-MP.jpg
https://i.postimg.cc/76926fFL/PXL-20250601-141806220-MP.jpg
https://i.postimg.cc/xC5zCcwk/PXL-20250601-141808401-MP.jpg
https://i.postimg.cc/4y3hhXGy/PXL-20250601-141810939-MP.jpg",
Roe,May-25,London,British; Modern European,,,8.5,8.0,,,,,,,,,,,,,,,,,"https://i.postimg.cc/vT1ZsTM0/PXL-20250517-173553266-MP.jpg
https://i.postimg.cc/T1y361GH/PXL-20250517-173556460-MP.jpg
https://i.postimg.cc/yxJ8HxsH/PXL-20250517-173659287-MP.jpg
https://i.postimg.cc/zvLGrv5W/PXL-20250517-173700650.jpg
https://i.postimg.cc/pTcL4zNk/PXL-20250517-173845350-MP.jpg
https://i.postimg.cc/T1y361GJ/PXL-20250517-174154371-MP.jpg
https://i.postimg.cc/KjK82jFQ/PXL-20250517-174537097-MP.jpg
https://i.postimg.cc/brGwhrpP/PXL-20250517-174729579-MP.jpg
https://i.postimg.cc/xCp1hMrt/PXL-20250517-181419390-MP.jpg
https://i.postimg.cc/cHkL2wqF/PXL-20250517-181421964-MP.jpg",
Roe,May-25,London,British; Modern European,,,8.5,8.0,,,,,,,,,,,,,,,,,"https://i.postimg.cc/q7kB7j4t/PXL-20250511-132058913-MP.jpg
https://i.postimg.cc/hGS4Gpcd/PXL-20250511-132331820-MP.jpg
https://i.postimg.cc/rp8ypQMt/PXL-20250511-132516892-MP.jpg
https://i.postimg.cc/zGwX59Zf/PXL-20250511-132518885-MP.jpg
https://i.postimg.cc/6pV5wDJq/PXL-20250511-133803819-MP.jpg
https://i.postimg.cc/7Z1YDp8H/PXL-20250511-133936760-MP.jpg
https://i.postimg.cc/g2ykdfFJ/PXL-20250511-141000403-MP.jpg
https://i.postimg.cc/9fWXfJC9/PXL-20250511-141003045-MP.jpg",
Marceline,Jun-25,London,French; Brasserie,,,7.5,8.0,,,,,,,,,,,,,,,,,"https://i.postimg.cc/mgTW3kqn/PXL-20250615-120040639.jpg
https://i.postimg.cc/x19VG8hV/PXL-20250615-120042703.jpg
https://i.postimg.cc/y8n4LBCB/PXL-20250615-120044806.jpg
https://i.postimg.cc/0y91Gj3T/PXL-20250615-122519016.jpg
https://i.postimg.cc/g2Gbyj5f/PXL-20250615-122521851.jpg",
Mestizo,Jun-25,London,Mexican,6.5,6.5,6.5,,,,,,,,,,,,,,,,,,"https://i.postimg.cc/SNsWnfNk/PXL-20250606-185831146-MP.jpg
https://i.postimg.cc/DyZqSPfH/PXL-20250606-185833409-MP.jpg
https://i.postimg.cc/sDXpM4ft/PXL-20250606-190653307-MP.jpg
https://i.postimg.cc/jd5zD4qB/PXL-20250606-192540468-MP.jpg
https://i.postimg.cc/Kvzn1DcV/PXL-20250606-192542587-MP.jpg
https://i.postimg.cc/yYdFDyYH/PXL-20250606-192551486-MP.jpg",
Osteria Angelina,Jun-25,London,Italian; Japanese; Itameshi; Fusion,8.5,8.5,9.0,,,,,,,,,,,,,,,,,,"https://i.postimg.cc/pXqq7dyx/PXL-20250613-192303972.jpg
https://i.postimg.cc/5NnnGtj0/PXL-20250613-192355090.jpg
https://i.postimg.cc/J4PPghtG/PXL-20250613-192358877.jpg
https://i.postimg.cc/15JJTzX2/PXL-20250613-193818800-MP.jpg
https://i.postimg.cc/L6NN7s50/PXL-20250613-194002654.jpg
https://i.postimg.cc/J4PPghtC/PXL-20250613-194055755.jpg
https://i.postimg.cc/65YYSQTQ/PXL-20250613-194536698-MP-2.jpg
https://i.postimg.cc/dV34KKTs/PXL-20250613-200434093.jpg
https://i.postimg.cc/BnbMGG16/PXL-20250613-200436100.jpg
https://i.postimg.cc/Dw0BKKby/PXL-20250613-200438721-MP.jpg
https://i.postimg.cc/bwr3jj2s/PXL-20250613-201820946.jpg
https://i.postimg.cc/CLmmtK52/PXL-20250613-201823873-MP.jpg
https://i.postimg.cc/cLCXNN8Z/PXL-20250613-202042833.jpg
https://i.postimg.cc/65YYSQqm/PXL-20250613-210140966.jpg
https://i.postimg.cc/bN33Mvdj/PXL-20250613-210143145.jpg",
The Ambassador's Clubhouse,Jun-25,London,Indian; Punjabi,,,6.5,,,,7.0,7.0,,,,,,,,,,7.0,7.5,,"https://i.postimg.cc/fyvBMzKW/PXL-20250614-134836784.jpg
https://i.postimg.cc/QCq0j8bH/PXL-20250614-134840890.jpg
https://i.postimg.cc/sxJw3jcD/PXL-20250614-135347114.jpg
https://i.postimg.cc/HntBTY2J/PXL-20250614-135351676.jpg
https://i.postimg.cc/2yY0pb4L/PXL-20250614-140329341.jpg
https://i.postimg.cc/gjKNGzDz/PXL-20250614-141531366.jpg
https://i.postimg.cc/gjKNGzDj/PXL-20250614-143652397.jpg
https://i.postimg.cc/L5SxdYzZ/PXL-20250614-143655944.jpg
https://i.postimg.cc/6qhYBW0T/PXL-20250614-143657509.jpg
https://i.postimg.cc/7h4KvGgG/PXL-20250614-143659865.jpg",1
Camille,Jun-25,London,French; Bistro,,,7.5,7.5,,,,,,,,,,,,,,,,,"https://i.postimg.cc/6phwFnnq/PXL-20250621-192344943.jpg
https://i.postimg.cc/T3cGBggK/PXL-20250621-192706753.jpg
https://i.postimg.cc/kgy9LKK5/PXL-20250621-192709013.jpg
https://i.postimg.cc/W4bjVzwd/PXL-20250621-193532786.jpg
https://i.postimg.cc/cJ4ZWCBY/PXL-20250621-195137279.jpg
https://i.postimg.cc/s2Dyzx4Q/PXL-20250621-201202587.jpg
https://i.postimg.cc/s2Dyzx45/PXL-20250621-202416523.jpg
https://i.postimg.cc/0N2xvj0j/PXL-20250621-210121344-2.jpg
https://i.postimg.cc/vmHMyTtc/PXL-20250621-210225461.jpg
https://i.postimg.cc/4x1ZjVVH/PXL-20250621-211452206.jpg",
Sticks & Sushi,Jun-25,London,Japanese; Sushi; Danish,,,8.0,7.0,,,,,,,,,,,,,,,,,"https://i.postimg.cc/cHRccxPh/PXL-20250608-123428370-MP.jpg
https://i.postimg.cc/3RXZZ8zV/PXL-20250608-123432464-MP.jpg
https://i.postimg.cc/3RXZZ8zq/PXL-20250608-124713396-MP.jpg
https://i.postimg.cc/cHRccxPp/PXL-20250608-124715399-MP.jpg
https://i.postimg.cc/cHymYgkk/PXL-20250608-124716895.jpg
https://i.postimg.cc/JnNQQrSq/PXL-20250608-125107364-MP.jpg
https://i.postimg.cc/763NNHjN/PXL-20250608-125108891-MP.jpg
https://i.postimg.cc/bJxRRy4V/PXL-20250608-125110465-MP.jpg
https://i.postimg.cc/FR5ZcdCW/PXL-20250608-125410951-MP.jpg
https://i.postimg.cc/k43c86Yy/PXL-20250608-125706198.jpg
https://i.postimg.cc/mDfwMzp6/PXL-20250608-125707787.jpg
https://i.postimg.cc/V6qFFf2W/PXL-20250608-125709974.jpg
https://i.postimg.cc/85QHWJXw/PXL-20250608-125712008.jpg
https://i.postimg.cc/j50XNw3X/PXL-20250608-131057814.jpg
https://i.postimg.cc/fLnKXtqC/PXL-20250608-131100386.jpg
https://i.postimg.cc/sXYJJjbP/PXL-20250608-131434335.jpg",
OMA,Jun-25,London,Greek; Eastern Mediterranean,,,8.0,9.0,,,,,,,,,,,,,,,,,"https://i.postimg.cc/vB4c3bZ4/IMG-3301.jpg
https://i.postimg.cc/bY2Zny51/IMG-3302.jpg
https://i.postimg.cc/j5BC1mDq/IMG-3303.jpg
https://i.postimg.cc/nr7Mf2mk/PXL-20260110-175105819.jpg
https://i.postimg.cc/59FXz4r5/PXL-20260110-175106772.jpg
https://i.postimg.cc/tJP7Gk6D/PXL-20260110-175107756.jpg
https://i.postimg.cc/50X6nbNG/PXL-20260110-175109076.jpg
https://i.postimg.cc/pr8yMCjw/PXL-20260110-175110758.jpg
https://i.postimg.cc/G3s4DLfQ/PXL-20260110-175113452.jpg
https://i.postimg.cc/mDPt8Bgr/PXL-20260110-175114468.jpg
https://i.postimg.cc/Zn30zH3Z/PXL-20260110-181306550.jpg
https://i.postimg.cc/gJxnNm2r/PXL-20260110-181308056.jpg
https://i.postimg.cc/Nfq5khqM/PXL-20260110-181311625.jpg
https://i.postimg.cc/4djn0qYt/PXL-20260110-182733609.jpg
https://i.postimg.cc/CLTzsyTh/PXL-20260110-183209689.jpg
https://i.postimg.cc/fL1kPpVv/PXL-20260110-183241349.jpg
https://i.postimg.cc/mDKhnJP3/PXL-20260110-183457693.jpg
https://i.postimg.cc/C5Ddp787/PXL-20260110-185959886.jpg
https://i.postimg.cc/QtFH0hxR/PXL-20260110-190002111.jpg
https://i.postimg.cc/0jmr1nmR/PXL-20260110-190003719.jpg
https://i.postimg.cc/fLVJBDT1/PXL-20260110-190131918.jpg
https://i.postimg.cc/261V2r8M/PXL-20260110-190134681.jpg
https://i.postimg.cc/50X6nb26/PXL-20260110-190159569.jpg
https://i.postimg.cc/BbDtfpF7/PXL-20260110-190204018.jpg
https://i.postimg.cc/JnsGPMz7/PXL-20260110-193038218.jpg
https://i.postimg.cc/V625hpJS/PXL-20260110-194425017.jpg",1
Osteria Angelina,Jun-25,London,Italian; Japanese; Itameshi; Fusion,,,9.5,9.5,,,,,,,,,,,,,,,,,"https://i.postimg.cc/9QDtntvz/PXL-20250607-184429244-MP-2.jpg
https://i.postimg.cc/wj1cGcSG/PXL-20250607-184431047-MP.jpg
https://i.postimg.cc/VkJBVB3r/PXL-20250607-184657832-MP.jpg
https://i.postimg.cc/RZWQDQjH/PXL-20250607-184700504-MP.jpg
https://i.postimg.cc/RZWQDQjt/PXL-20250607-184703016-MP.jpg
https://i.postimg.cc/BnjcVcdc/PXL-20250607-190333600-MP.jpg
https://i.postimg.cc/x1Xy4yWF/PXL-20250607-190336190-MP.jpg
https://i.postimg.cc/8z7B0BqH/PXL-20250607-192619752-MP-2.jpg
https://i.postimg.cc/T3BqM56q/PXL-20250607-192621692-MP.jpg",
Barbarella,Jul-25,London,Italian,,,6.5,7.5,,,,,,,,,,,,,,,,,"https://i.postimg.cc/j5FFGdMx/PXL-20250629-115203676.jpg
https://i.postimg.cc/63mmD5YD/PXL-20250629-120259844.jpg
https://i.postimg.cc/LXXWCZ34/PXL-20250629-120303172.jpg
https://i.postimg.cc/d1xxzt5J/PXL-20250629-121854758.jpg
https://i.postimg.cc/1tjjL5v9/PXL-20250629-121857583.jpg
https://i.postimg.cc/j5FFGdMV/PXL-20250629-121942415.jpg
https://i.postimg.cc/vBNNpH3J/PXL-20250629-123023364.jpg",
Vu's Hanoi Restaurant,Jul-25,Paris,Vietnamese,,,7.0,7.0,,,,,,,,,,,,,,,,,"https://i.postimg.cc/SsqbhD7J/PXL-20250731-105626514-MP.jpg
https://i.postimg.cc/W3jcvX6J/PXL-20250731-105639771.jpg",
Brasserie Hector,Jul-25,Paris,French; Brasserie,,,7.0,7.5,,,,,,,,,,,,,,,,,"https://i.postimg.cc/Xv112LHm/PXL-20250728-105646856.jpg
https://i.postimg.cc/9fggxb8n/PXL-20250728-111736250.jpg
https://i.postimg.cc/xdpps5xF/PXL-20250728-111737884.jpg
https://i.postimg.cc/KYpp9fqV/PXL-20250728-111837480.jpg
https://i.postimg.cc/gJwS1h1W/PXL-20250728-112550215.jpg",
Alix et Mika,Jul-25,Paris,French; Tartare,,,7.0,7.5,,,,,,,,,,,,,,,,,"https://i.postimg.cc/GttcWXdk/PXL-20250726-175322759.jpg
https://i.postimg.cc/wMM6CwgQ/PXL-20250726-175326273.jpg
https://i.postimg.cc/rss8BfM9/PXL-20250726-175346793.jpg",
The Palomar,Jul-25,London,Middle Eastern; Israeli,,,7.0,7.5,,,,,,,,,,,,,,,,,"https://i.postimg.cc/mrx2GB6N/PXL-20250720-122033681.jpg
https://i.postimg.cc/bvXNjpFL/PXL-20250720-122035718.jpg
https://i.postimg.cc/9f3FjCN8/PXL-20250720-122326276.jpg
https://i.postimg.cc/YScqwMyN/PXL-20250720-123406406.jpg
https://i.postimg.cc/5tcNMbkS/PXL-20250720-123935942.jpg
https://i.postimg.cc/W4RbPTf7/PXL-20250720-123938374.jpg
https://i.postimg.cc/rp6FLMYh/PXL-20250720-124243930.jpg",BG
Lore of the Land,Jul-25,London,British; Pub,,,7.0,7.5,,,,,,,,,,,,,,,,,"https://i.postimg.cc/4yjjhNc8/PXL-20250705-112046067.jpg
https://i.postimg.cc/NFZZrfXJ/PXL-20250705-112049435.jpg
https://i.postimg.cc/0jhhJ2SB/PXL-20250705-112052630.jpg
https://i.postimg.cc/Y0TTmqFP/PXL-20250705-112059974.jpg
https://i.postimg.cc/NFZZrfXp/PXL-20250705-114335481.jpg
https://i.postimg.cc/d3ggTtC5/PXL-20250705-114337730.jpg",
Au Petit Chauvignon,Jul-25,Paris,French,,,7.5,8.0,,,,,,,,,,,,,,,,,"https://i.postimg.cc/YS7trrtL/PXL-20250726-134423727.jpg
https://i.postimg.cc/XvWnjjnC/PXL-20250726-135033104.jpg
https://i.postimg.cc/PqHdXXdt/PXL-20250726-140408087.jpg
https://i.postimg.cc/cJWdxxdd/PXL-20250726-140411028.jpg
https://i.postimg.cc/LsSm99m9/PXL-20250726-140412629.jpg
https://i.postimg.cc/zfNqzzqD/PXL-20250726-140414657.jpg",
Elmer,Jul-25,Paris,French,,,7.5,9.0,,,,,,,,,,,,,,,,,"https://i.postimg.cc/T3RbK6dV/PXL-20250731-173616259.jpg
https://i.postimg.cc/kgnS2mJh/PXL-20250731-174754462-MP.jpg
https://i.postimg.cc/02Gm5QsK/PXL-20250731-175739300.jpg
https://i.postimg.cc/tCdPRTj7/PXL-20250731-180016349.jpg
https://i.postimg.cc/P52wZRJ0/PXL-20250731-180021053.jpg
https://i.postimg.cc/NjgXKcsm/PXL-20250731-182033797.jpg
https://i.postimg.cc/bw3tbBrF/PXL-20250731-182035225.jpg
https://i.postimg.cc/zXwWDBr8/PXL-20250731-184327621.jpg
https://i.postimg.cc/X7KFNJbr/PXL-20250731-184329794.jpg
https://i.postimg.cc/YqBYwFJM/PXL-20250731-184332544.jpg
https://i.postimg.cc/wT5Jxvpk/PXL-20250731-184334147.jpg
https://i.postimg.cc/W12ZdvNC/PXL-20250731-192839492-MP.jpg",
Rooster,Jul-25,Paris,French,,,8.0,8.5,,,,,,,,,,,,,,,,,"https://i.postimg.cc/ZRj2hZ5f/PXL-20250730-175058277.jpg
https://i.postimg.cc/fyLFzF3h/PXL-20250730-175100872.jpg
https://i.postimg.cc/NFMVsVyj/PXL-20250730-175752062.jpg
https://i.postimg.cc/prT7W79K/PXL-20250730-175754587.jpg
https://i.postimg.cc/qqRYJYtp/PXL-20250730-180841125.jpg
https://i.postimg.cc/C51thtZh/PXL-20250730-182426702.jpg
https://i.postimg.cc/xCghSY1F/PXL-20250730-184334094.jpg
https://i.postimg.cc/ydntzB8Q/PXL-20250730-191314511.jpg
https://i.postimg.cc/ydntzB8b/PXL-20250730-192519781.jpg",
Gaston,Jul-25,Paris,French,,,8.0,8.5,,,,,,,,,,,,,,,,,"https://i.postimg.cc/BvbM1DSy/PXL-20250727-181525132-MP.jpg
https://i.postimg.cc/FKzDJcrP/PXL-20250727-183834430.jpg
https://i.postimg.cc/Dz0Bbsvj/PXL-20250727-183836586.jpg
https://i.postimg.cc/xd8tbHf6/PXL-20250727-183838463.jpg",
Calice,Jul-25,Paris,French; Wine Bar; Fusion,,,8.5,8.0,,,,,,,,,,,,,,,,,"https://i.postimg.cc/G2rt5P4X/PXL-20250727-105738628.jpg
https://i.postimg.cc/PxhJRbCz/PXL-20250727-105859752.jpg
https://i.postimg.cc/mDwkfc9X/PXL-20250727-105901841.jpg
https://i.postimg.cc/W40t8Y1t/PXL-20250727-105904652.jpg
https://i.postimg.cc/mr7hjpgz/PXL-20250727-105943677.jpg
https://i.postimg.cc/7LSb9tZJ/PXL-20250727-105945841.jpg
https://i.postimg.cc/zB5vcwyw/PXL-20250727-105948308.jpg
https://i.postimg.cc/hjrvWJm3/PXL-20250727-111916141.jpg
https://i.postimg.cc/yN0Wjp8S/PXL-20250727-111921351.jpg
https://i.postimg.cc/mDRk53Pv/PXL-20250727-114354626.jpg",
L'art du Quotidien,Jul-25,Paris,French,,,8.5,8.5,,,,,,,,,,,,,,,,,"https://i.postimg.cc/zBP7jffM/PXL-20250729-104210751-MP.jpg
https://i.postimg.cc/bJvLknzh/PXL-20250729-104853403.jpg
https://i.postimg.cc/DZz5LG2h/PXL-20250729-104944202.jpg
https://i.postimg.cc/Y9S8YFpk/PXL-20250729-104946642.jpg",
Tatar Bunar,Jul-25,London,Ukrainian,,,8.5,9.0,,,,,,,,,,,,,,,,,"https://i.postimg.cc/hPQy6nFm/PXL-20250712-181837665.jpg
https://i.postimg.cc/66mbM3Pc/PXL-20250712-184108774.jpg
https://i.postimg.cc/28LcMYpZ/PXL-20250712-184111310.jpg
https://i.postimg.cc/RVJsymrQ/PXL-20250712-184349084.jpg
https://i.postimg.cc/15VC2SxD/PXL-20250712-190306407.jpg
https://i.postimg.cc/L6gCwSdf/PXL-20250712-190914724-MP.jpg
https://i.postimg.cc/bNSCWPXQ/PXL-20250712-194637341.jpg
https://i.postimg.cc/bNSCWPX9/PXL-20250712-194639349.jpg",
Bombance,Jul-25,Paris,French,,,9.0,9.0,,,,,,,,,,,,,,,,,"https://i.postimg.cc/XqpHSChB/PXL-20250729-175058539.jpg
https://i.postimg.cc/2yVcRZJq/PXL-20250729-175100187.jpg
https://i.postimg.cc/vTcqFVjg/PXL-20250729-175101751.jpg
https://i.postimg.cc/7hfs82c3/PXL-20250729-181543465.jpg
https://i.postimg.cc/BbXY9Kyj/PXL-20250729-181545722.jpg",
Fogo,Jul-25,Paris,French,,,9.0,9.0,,,,,,,,,,,,,,,,,"https://i.postimg.cc/fb8pGDLq/PXL-20250728-173807744.jpg
https://i.postimg.cc/TPtFzfw4/PXL-20250728-173810895.jpg
https://i.postimg.cc/YSdZ5M0M/PXL-20250728-174258587.jpg
https://i.postimg.cc/q71SP4qk/PXL-20250728-174350016.jpg
https://i.postimg.cc/N0dS3BFQ/PXL-20250728-174825211.jpg
https://i.postimg.cc/mDhJRJ1x/PXL-20250728-174833938.jpg
https://i.postimg.cc/zfx6s8B0/PXL-20250728-175727598.jpg
https://i.postimg.cc/jjMmpt5M/PXL-20250728-182314044.jpg",
Sesta,Aug-25,London,British; Modern European,8.5,8.5,8.0,,,,,,,,,,,,,,,,,,"https://i.postimg.cc/DZYW4kM5/PXL-20250809-195129002.jpg
https://i.postimg.cc/L5YJzCcP/PXL-20250809-195131180.jpg
https://i.postimg.cc/JndyHV2P/PXL-20250809-195639782.jpg
https://i.postimg.cc/j2wDzgpZ/PXL-20250809-195644132.jpg
https://i.postimg.cc/MHCvt0wC/PXL-20250809-200745264.jpg
https://i.postimg.cc/prwpkQxN/PXL-20250809-200746544.jpg
https://i.postimg.cc/HncrQvGm/PXL-20250809-200747722.jpg
https://i.postimg.cc/ydrJ34bj/PXL-20250809-203424942.jpg
https://i.postimg.cc/C5BRjP3v/PXL-20250809-203426756.jpg
https://i.postimg.cc/gjXxvSC7/PXL-20250809-203428487.jpg
https://i.postimg.cc/MHMnyPCY/PXL-20250809-212347189.jpg",
Singapore Garden,Aug-25,London,Chinese; Singaporean,,,6.0,,,,6.5,,,,,,,,,,,6.5,7.5,,,
The Buoy and Oyster,Aug-25,Margate,Seafood; British,,,7.0,7.0,,,,,,8.0,7.0,7.0,,,7.0,,,,,,"https://i.postimg.cc/ZY7PpXdN/PXL-20250816-135425749.jpg
https://i.postimg.cc/MZP0VgQD/PXL-20250816-135428318-MP.jpg
https://i.postimg.cc/nVRKBNDq/PXL-20250816-135655231.jpg
https://i.postimg.cc/Kcq7BCMr/PXL-20250816-143012410.jpg
https://i.postimg.cc/L6JtTvtG/PXL-20250816-143326266.jpg
https://i.postimg.cc/kX2QcwNP/PXL-20250816-143427140.jpg
https://i.postimg.cc/qMNsLQcf/PXL-20250816-143428841.jpg",
Angelina,Aug-25,London,Italian; Japanese; Itameshi; Fusion,,,8.0,8.5,,,,,,,,,,,,,,,,,"https://i.postimg.cc/mDSwvDhb/PXL-20250817-131700816.jpg
https://i.postimg.cc/Xq784byb/PXL-20250817-131703628.jpg
https://i.postimg.cc/cHcmpH60/PXL-20250817-131841347.jpg
https://i.postimg.cc/4yL13Sz5/PXL-20250817-131843171.jpg
https://i.postimg.cc/yxQTNbFM/PXL-20250817-131851360.jpg
https://i.postimg.cc/Pf2yKPB8/PXL-20250817-131855250.jpg
https://i.postimg.cc/BbYCvVT9/PXL-20250817-133015189.jpg
https://i.postimg.cc/NfF4nQtc/PXL-20250817-133017763.jpg
https://i.postimg.cc/VvLRm8bq/PXL-20250817-134419936.jpg
https://i.postimg.cc/908BfnGN/PXL-20250817-134422203.jpg
https://i.postimg.cc/hvPrcB7J/PXL-20250817-134423629.jpg
https://i.postimg.cc/SQDdVJwW/PXL-20250817-134425501.jpg
https://i.postimg.cc/hPvrYKnF/PXL-20250817-140424074.jpg
https://i.postimg.cc/LXSDQf9v/PXL-20250817-142014512.jpg
https://i.postimg.cc/NGpDb5Wk/PXL-20250817-142016396.jpg
https://i.postimg.cc/rFsJHqkB/PXL-20250817-142019369.jpg
https://i.postimg.cc/L4NDvnrP/PXL-20250817-144024863.jpg
https://i.postimg.cc/gJpstRzT/PXL-20250817-144026982.jpg
https://i.postimg.cc/qRGLPRqw/PXL-20250817-144028570.jpg
https://i.postimg.cc/xCPRwCqD/PXL-20250817-144030185.jpg
https://i.postimg.cc/Hxmzv5YN/PXL-20250817-144031868.jpg",
Dove,Aug-25,London,British; Pub,,,8.5,8.5,,,,,,,,,,,,,,,,,"https://i.postimg.cc/y6b9k9MP/PXL-20250810-125935558.jpg
https://i.postimg.cc/NFSrSq8v/PXL-20250810-130052760.jpg
https://i.postimg.cc/8c9r9Qds/PXL-20250810-130054535.jpg
https://i.postimg.cc/c1bYrYpR/PXL-20250810-131950346.jpg
https://i.postimg.cc/59Rv6vhL/PXL-20250810-131951975.jpg
https://i.postimg.cc/zv6R6ZC9/PXL-20250810-134316653.jpg
https://i.postimg.cc/Bbk1k953/PXL-20250810-134319090.jpg
https://i.postimg.cc/0jFJFRG9/PXL-20250810-134331803.jpg
https://i.postimg.cc/RCDfNfk8/PXL-20250810-142319643.jpg",
Les Poulettes Batignolles,Aug-25,Paris,French,,,9.0,8.5,,,,,,,,,,,,,,,,,"https://i.postimg.cc/RCNX0ws5/PXL-20250801-174415270.jpg
https://i.postimg.cc/BZXMv2Y4/PXL-20250801-174416732.jpg
https://i.postimg.cc/mZt8r7XT/PXL-20250801-174418487-MP.jpg
https://i.postimg.cc/CMXJnd9y/PXL-20250801-180448581.jpg
https://i.postimg.cc/jdfcHtr0/PXL-20250801-180450749.jpg
https://i.postimg.cc/05bcN7Ws/PXL-20250801-180655978.jpg
https://i.postimg.cc/NfXD6BvP/PXL-20250801-180657565.jpg
https://i.postimg.cc/QNwSKVwP/PXL-20250801-182957621.jpg",
Moi,Sep-25,London,Japanese; Sushi; Grill,,,8.0,9.0,,,,,,,,,,,,,,,,,"https://i.postimg.cc/HsTG8cb5/PXL-20250920-181516524-MP.jpg
https://i.postimg.cc/dtJMZkGk/PXL-20250920-182936697-MP.jpg
https://i.postimg.cc/kMQ35FRG/PXL-20250920-182943030-MP.jpg
https://i.postimg.cc/ZKJkvB6v/PXL-20250920-183118744-MP.jpg
https://i.postimg.cc/CMGTKHnK/PXL-20250920-183122470-MP.jpg
https://i.postimg.cc/RC750QJ6/PXL-20250920-184645938-MP.jpg
https://i.postimg.cc/CMGTKHnZ/PXL-20250920-184652354-MP.jpg
https://i.postimg.cc/c4dqtgf3/PXL-20250920-184654183-MP.jpg
https://i.postimg.cc/jdRVnwyZ/PXL-20250920-185755101-MP.jpg
https://i.postimg.cc/rFq6R05n/PXL-20250920-185800168-MP.jpg
https://i.postimg.cc/yY7q3g0j/PXL-20250920-191704921-MP.jpg",
Dinner by Heston,Sep-25,London,British; Historic; Fine Dining,,,9.0,9.5,,,,,,,,,,,,,,,,,"https://i.postimg.cc/g2rT3vjk/PXL-20250906-181709616-MP.jpg
https://i.postimg.cc/9QznyG0P/PXL-20250906-182715812-MP.jpg
https://i.postimg.cc/FHqnp7kW/PXL-20250906-183434797-MP.jpg
https://i.postimg.cc/jS9kcLnc/PXL-20250906-183436565-MP.jpg
https://i.postimg.cc/y85rjk3F/PXL-20250906-184123338-MP.jpg
https://i.postimg.cc/mgh57Qkk/PXL-20250906-185242792-MP.jpg
https://i.postimg.cc/kXJZgrdf/PXL-20250906-190442734-MP.jpg
https://i.postimg.cc/9FmSQ3jd/PXL-20250906-192458268-MP.jpg
https://i.postimg.cc/9FLk4xm5/PXL-20250906-193438124-MP.jpg
https://i.postimg.cc/7YHcZvy1/PXL-20250906-195925445-MP.jpg
https://i.postimg.cc/rFfHdh8h/PXL-20250906-201332580-MP.jpg
https://i.postimg.cc/134jDpXs/PXL-20250906-201335158-MP.jpg
https://i.postimg.cc/rFfHdh8P/PXL-20250906-204531213-MP.jpg
https://i.postimg.cc/280tqHzs/PXL-20250906-210649411-MP.jpg
https://i.postimg.cc/bNyMwXjb/PXL-20250906-210652485-MP.jpg",2
Mareida,Oct-25,London,Chilean; South American,7.5,7.0,7.5,8.0,7.5,7.5,,,,,,,,,,,,,,,"https://i.postimg.cc/sf7yhCqy/IMG-2860.jpg
https://i.postimg.cc/T2gGDvFx/IMG-2861.jpg
https://i.postimg.cc/QN1sTZPy/IMG-2862.jpg
https://i.postimg.cc/3rm7vQVr/IMG-2863.jpg
https://i.postimg.cc/qBy03HYF/IMG-2864.jpg
https://i.postimg.cc/L4LR1F77/IMG-2865.jpg
https://i.postimg.cc/v8fMVwjk/IMG-2866.jpg
https://i.postimg.cc/c4WW75GJ/IMG-2868.jpg
https://i.postimg.cc/DyhhQY3K/IMG-2869.jpg
https://i.postimg.cc/3rm7vQVw/PXL-20251003-193701643-MP.jpg",
The Bull and Last,Oct-25,London,British; Pub,,,7.5,7.5,,,,,,,,,,,,,,,,,"https://i.postimg.cc/CK7SdGQ8/PXL-20251018-181050689-MP.jpg
https://i.postimg.cc/fbDMw2BR/PXL-20251018-183428372-MP.jpg
https://i.postimg.cc/vmhbDrNd/PXL-20251018-183433911-MP.jpg
https://i.postimg.cc/MGqzWPdq/PXL-20251018-183439902-MP.jpg
https://i.postimg.cc/JhMR16Ph/PXL-20251018-194037049-MP.jpg",
Legado,Nov-25,London,Spanish; Tapas,,,8.5,9.0,,,,,,,,,,,,,,,,,"https://i.postimg.cc/cL8vKbRg/PXL-20251101-183834366-MP.jpg
https://i.postimg.cc/pLnm96f9/PXL-20251101-184511994-MP.jpg
https://i.postimg.cc/3xDkycXd/PXL-20251101-185040934.jpg
https://i.postimg.cc/rwtDdP1S/PXL-20251101-185335140.jpg
https://i.postimg.cc/kgt2VpQ8/PXL-20251101-185736017-MP.jpg
https://i.postimg.cc/rpXK5Nj5/PXL-20251101-190149662-MP.jpg
https://i.postimg.cc/4xhYKS6h/PXL-20251101-191321490-MP.jpg
https://i.postimg.cc/sgZMBNY4/PXL-20251101-191538831-MP.jpg
https://i.postimg.cc/TPMpnJ00/PXL-20251101-192824975-MP.jpg
https://i.postimg.cc/LsKnj3DB/PXL-20251101-192826802-MP.jpg
https://i.postimg.cc/JhVGj5x3/PXL-20251101-192828369-MP.jpg
https://i.postimg.cc/W4Lh0w8g/PXL-20251101-193546798-MP.jpg
https://i.postimg.cc/6pG87mrh/PXL-20251101-194606162-MP.jpg
https://i.postimg.cc/s2dv54mT/PXL-20251101-201146557-MP.jpg
https://i.postimg.cc/q7Vz2xwm/PXL-20251101-201151220-MP.jpg",1
Legado,Nov-25,London,Spanish; Tapas,,,,,,,9.2,9.5,,,,,,,,,10.0,,,,,1
Osteria Angelina,Nov-25,London,Italian; Japanese; Itameshi; Fusion,,,9.5,,,,,9.0,,,,,,,,,,9.0,8.0,,"https://i.postimg.cc/hPD8dcvR/PXL-20251115-143922106-MP.jpg
https://i.postimg.cc/dQmm3Lqn/PXL-20251115-143924961-MP.jpg
https://i.postimg.cc/7PMMhfx9/PXL-20251115-145439331-MP.jpg
https://i.postimg.cc/yY1hZsxN/PXL-20251115-145440355.jpg
https://i.postimg.cc/h4bbvfS1/PXL-20251115-145441643.jpg
https://i.postimg.cc/15m0qsXm/PXL-20251115-145443095.jpg
https://i.postimg.cc/bNy0tprZ/PXL-20251115-145446415-MP.jpg
https://i.postimg.cc/c4x7n0Cs/PXL-20251115-145447761.jpg
https://i.postimg.cc/NF41zPJX/PXL-20251115-145448915.jpg
https://i.postimg.cc/5N45Cbyb/PXL-20251115-145450337.jpg
https://i.postimg.cc/vHY7VbTc/PXL-20251115-145452219-MP.jpg
https://i.postimg.cc/2jFFyVzM/PXL-20251115-145455321-MP.jpg
https://i.postimg.cc/PfzzJPtF/PXL-20251115-145523637-MP.jpg
https://i.postimg.cc/Qx8gThC1/PXL-20251115-150523254-MP.jpg
https://i.postimg.cc/zDSSvVJt/PXL-20251115-151502577-MP.jpg
https://i.postimg.cc/PrXbwTJL/PXL-20251115-151639427-MP.jpg
https://i.postimg.cc/nVYYrCHd/PXL-20251115-151707366-MP.jpg
https://i.postimg.cc/gkzyZmj6/PXL-20251115-151931849-MP.jpg
https://i.postimg.cc/vHY7VbTF/PXL-20251115-152047821-MP.jpg
https://i.postimg.cc/jdx67t2y/PXL-20251115-154817621-MP.jpg
https://i.postimg.cc/59qqy642/PXL-20251115-154820597-MP.jpg
https://i.postimg.cc/FsrbLNzh/PXL-20251115-154822825-MP.jpg
https://i.postimg.cc/jqQQ2Lxr/PXL-20251115-154848611-MP.jpg
https://i.postimg.cc/VLf9Cmvt/PXL-20251115-164004828-MP.jpg
https://i.postimg.cc/MZbbHv6k/PXL-20251115-164023113-MP.jpg
https://i.postimg.cc/y6XXxk1N/PXL-20251115-164025018-MP.jpg",
Dorian,Nov-25,London,British; Modern European; Bistro,,,9.5,9.0,,,,,,,,,,,,,,,,,"https://i.postimg.cc/15sBrDCh/20251129-182440.jpg
https://i.postimg.cc/kXsc1DzV/PXL-20251129-173714741.jpg
https://i.postimg.cc/ZKHc702v/PXL-20251129-173832537-MP.jpg
https://i.postimg.cc/fTCK2kpv/PXL-20251129-173834945-MP.jpg
https://i.postimg.cc/L6DTChwJ/PXL-20251129-174216442-MP.jpg
https://i.postimg.cc/pXRCJKGN/PXL-20251129-174915709-MP.jpg
https://i.postimg.cc/KcnQT05f/PXL-20251129-174932085-MP.jpg
https://i.postimg.cc/gcv4hgKq/PXL-20251129-174951076-MP.jpg
https://i.postimg.cc/59wpzs3M/PXL-20251129-175244903-MP.jpg
https://i.postimg.cc/J4Mx5j6B/PXL-20251129-175919336-MP.jpg
https://i.postimg.cc/TY097hF0/PXL-20251129-180142767-MP.jpg
https://i.postimg.cc/c4hm962F/PXL-20251129-180411362.jpg
https://i.postimg.cc/BZxNFmC7/PXL-20251129-180601552-MP.jpg
https://i.postimg.cc/tCpkNFSy/PXL-20251129-182421771-MP.jpg
https://i.postimg.cc/PrTyQ13p/PXL-20251129-182929940-MP.jpg
https://i.postimg.cc/HWQ3M6tN/PXL-20251129-182946360-MP.jpg
https://i.postimg.cc/YqMRzQn9/PXL-20251129-183657213-MP.jpg
https://i.postimg.cc/8PN4mLKk/PXL-20251129-183658969-MP.jpg
https://i.postimg.cc/T3PcZfvC/PXL-20251129-190127603-MP.jpg
https://i.postimg.cc/KvfNq4wB/PXL-20251129-190401240.jpg
https://i.postimg.cc/zDnphxjr/PXL-20251129-190431330-MP.jpg",1
The Red Lion (Ealing),Dec-25,London,British; Pub,8.0,,8.5,,8.0,,,,,,,,,,,,,,,,"https://i.postimg.cc/qMJRJFFL/PXL-20251220-182953379-MP.jpg
https://i.postimg.cc/8z3PbzzF/PXL-20251220-182955654-MP.jpg
https://i.postimg.cc/QxfMHbGX/PXL-20251220-183028215-MP.jpg
https://i.postimg.cc/7YH6HRRT/PXL-20251220-185330488-MP.jpg
https://i.postimg.cc/FsrRr66x/PXL-20251220-185332082-MP.jpg
https://i.postimg.cc/vHYBYKKS/PXL-20251220-185545465-MP.jpg",
Lilibet's,Dec-25,London,Seafood,,,7.5,9.0,,,,,,,,,,,,,,,,,"https://i.postimg.cc/9MsSfzCt/IMG-2964.jpg
https://i.postimg.cc/90TkwVQN/IMG-2968.jpg
https://i.postimg.cc/Hn5N8HkX/PXL-20251213-190334596-MP.jpg
https://i.postimg.cc/rsWHRcpL/PXL-20251213-190337165-MP.jpg
https://i.postimg.cc/D0sN4FzV/PXL-20251213-191357597-MP.jpg
https://i.postimg.cc/sxSLGygm/PXL-20251213-191749706-MP.jpg
https://i.postimg.cc/RCnyD1L0/PXL-20251213-192019340-MP.jpg
https://i.postimg.cc/Qx34Y2Mf/PXL-20251213-192247977-MP.jpg
https://i.postimg.cc/HW5v2YTf/PXL-20251213-192813654-MP.jpg
https://i.postimg.cc/j5B9jCty/PXL-20251213-194018670-MP.jpg
https://i.postimg.cc/gJ150rm6/PXL-20251213-194021606-MP.jpg
https://i.postimg.cc/zB4Mf38W/PXL-20251213-194244617-MP.jpg
https://i.postimg.cc/85x3CsN6/PXL-20251213-194251108-MP.jpg
https://i.postimg.cc/D0sN4Fwb/PXL-20251213-194312881-MP.jpg
https://i.postimg.cc/7h7RJDZ7/PXL-20251213-194405058-MP.jpg
https://i.postimg.cc/kG8HR9gT/PXL-20251213-200907280-MP.jpg
https://i.postimg.cc/wxsZG5QM/PXL-20251213-201109475-MP.jpg
https://i.postimg.cc/Fs4WCMK8/PXL-20251213-201112351-MP.jpg
https://i.postimg.cc/VvMh01kh/PXL-20251213-204638944-MP.jpg
https://i.postimg.cc/pr8S5xLc/PXL-20251213-204641415-MP.jpg",
Brasserie Constance,Jan-26,London,French,8.0,7.5,8.0,,,,,,,,,,,,,,,,,,"https://i.postimg.cc/SRXN7rVm/PXL-20260125-125359674.jpg
https://i.postimg.cc/sxBD9cKG/PXL-20260125-130156095.jpg
https://i.postimg.cc/9fpMWzrM/PXL-20260125-132511088.jpg
https://i.postimg.cc/QMbtXVHd/PXL-20260125-132513679.jpg
https://i.postimg.cc/4dx3nZ9K/PXL-20260125-132515840.jpg
https://i.postimg.cc/5t30xj6t/PXL-20260125-132517334.jpg
https://i.postimg.cc/W4n32thz/PXL-20260125-132604828.jpg
https://i.postimg.cc/k4g5D9bB/PXL-20260125-132606099.jpg
https://i.postimg.cc/C1rxqtGv/PXL-20260125-132607440.jpg
https://i.postimg.cc/RFZ0q9H6/PXL-20260125-133523649.jpg
https://i.postimg.cc/x8kTyRgT/PXL-20260125-135744794.jpg
https://i.postimg.cc/G2mp9ryy/PXL-20260125-135747535.jpg
https://i.postimg.cc/JnYzkgNx/PXL-20260125-135825756.jpg
https://i.postimg.cc/qqtMXLQn/PXL-20260125-143051603.jpg
https://i.postimg.cc/Zn9KFcjh/PXL-20260125-143053915.jpg
https://i.postimg.cc/XqZ7c8x4/PXL-20260125-143057594.jpg
https://i.postimg.cc/wMSxWmbD/PXL-20260125-153131115.jpg
https://i.postimg.cc/8cFPBHwv/PXL-20260125-153134226.jpg
https://i.postimg.cc/XqZ7c8xf/PXL-20260125-153331101.jpg",
Donia,Jan-26,London,Filipino; Modern,,,8.5,8.0,,,,,,,,,,,,,,,,,"https://i.postimg.cc/KjgxgYvn/20260117-190708.jpg
https://i.postimg.cc/wvM6gVCQ/PXL-20260117-191714664.jpg
https://i.postimg.cc/sXxVsck6/PXL-20260117-191716585.jpg
https://i.postimg.cc/63q9t0kM/PXL-20260117-191719517.jpg
https://i.postimg.cc/7hTwTLY1/PXL-20260117-191910270.jpg
https://i.postimg.cc/d3TwT0tv/PXL-20260117-191913112.jpg
https://i.postimg.cc/LhKRkMnL/PXL-20260117-192153912.jpg
https://i.postimg.cc/rstMtpFx/PXL-20260117-192347245.jpg
https://i.postimg.cc/MTHWqDCd/PXL-20260117-192349874.jpg
https://i.postimg.cc/2yBrB58j/PXL-20260117-195122903.jpg
https://i.postimg.cc/z3Z5w1VS/PXL-20260117-195449445.jpg
https://i.postimg.cc/WzJTJ4bb/PXL-20260117-195451459.jpg",BG
OMA,Jan-26,London,Greek; Eastern Mediterranean,,,8.5,,,,9.0,9.0,,,,,,,,,,9.0,9.0,,"https://i.postimg.cc/vB4c3bZ4/IMG-3301.jpg
https://i.postimg.cc/bY2Zny51/IMG-3302.jpg
https://i.postimg.cc/j5BC1mDq/IMG-3303.jpg
https://i.postimg.cc/nr7Mf2mk/PXL-20260110-175105819.jpg
https://i.postimg.cc/59FXz4r5/PXL-20260110-175106772.jpg
https://i.postimg.cc/tJP7Gk6D/PXL-20260110-175107756.jpg
https://i.postimg.cc/50X6nbNG/PXL-20260110-175109076.jpg
https://i.postimg.cc/pr8yMCjw/PXL-20260110-175110758.jpg
https://i.postimg.cc/G3s4DLfQ/PXL-20260110-175113452.jpg
https://i.postimg.cc/mDPt8Bgr/PXL-20260110-175114468.jpg
https://i.postimg.cc/Zn30zH3Z/PXL-20260110-181306550.jpg
https://i.postimg.cc/gJxnNm2r/PXL-20260110-181308056.jpg
https://i.postimg.cc/Nfq5khqM/PXL-20260110-181311625.jpg
https://i.postimg.cc/4djn0qYt/PXL-20260110-182733609.jpg
https://i.postimg.cc/CLTzsyTh/PXL-20260110-183209689.jpg
https://i.postimg.cc/fL1kPpVv/PXL-20260110-183241349.jpg
https://i.postimg.cc/mDKhnJP3/PXL-20260110-183457693.jpg
https://i.postimg.cc/C5Ddp787/PXL-20260110-185959886.jpg
https://i.postimg.cc/QtFH0hxR/PXL-20260110-190002111.jpg
https://i.postimg.cc/0jmr1nmR/PXL-20260110-190003719.jpg
https://i.postimg.cc/fLVJBDT1/PXL-20260110-190131918.jpg
https://i.postimg.cc/261V2r8M/PXL-20260110-190134681.jpg
https://i.postimg.cc/50X6nb26/PXL-20260110-190159569.jpg
https://i.postimg.cc/BbDtfpF7/PXL-20260110-190204018.jpg
https://i.postimg.cc/JnsGPMz7/PXL-20260110-193038218.jpg
https://i.postimg.cc/V625hpJS/PXL-20260110-194425017.jpg",1
Akoko,Jan-26,London,West African; Fine Dining,,,9.0,9.0,,,,,,,,,,,,,,,,,"https://i.postimg.cc/mrNct86G/20260131-204218.jpg
https://i.postimg.cc/SsSn8Cwd/PXL-20260131-203343807.jpg
https://i.postimg.cc/9ft4rJgg/PXL-20260131-204340754.jpg
https://i.postimg.cc/6QL7yYb1/PXL-20260131-204551829.jpg
https://i.postimg.cc/8CBFjtnG/PXL-20260131-205023983.jpg
https://i.postimg.cc/PqzLP2F5/PXL-20260131-210058124.jpg
https://i.postimg.cc/B6SjDHdJ/PXL-20260131-210843750.jpg
https://i.postimg.cc/cHxvYwVg/PXL-20260131-210846686.jpg
https://i.postimg.cc/85p7WMqc/PXL-20260131-212251819.jpg
https://i.postimg.cc/Hx6Vtjg5/PXL-20260131-212255048.jpg
https://i.postimg.cc/cJMKrXkz/PXL-20260131-213159019.jpg
https://i.postimg.cc/qR1zGgTX/PXL-20260131-214500058.jpg
https://i.postimg.cc/tgt1Y2vf/PXL-20260131-215818545.jpg
https://i.postimg.cc/q7XtzjZ7/PXL-20260131-215825781.jpg
https://i.postimg.cc/26k1vhP5/PXL-20260131-221352168.jpg
https://i.postimg.cc/9MLrBzhG/PXL-20260131-222531714.jpg
https://i.postimg.cc/tTqsPWLY/PXL-20260131-223408652.jpg
https://i.postimg.cc/Kz0R542w/PXL-20260131-223409853.jpg",1
Root81,Feb-26,Malta,Mediterranean; Modern European,,,7.0,,,,,,,,,,,,,,,7.0,6.5,,"https://i.postimg.cc/fy114jsk/PXL-20260217-133635757.jpg
https://i.postimg.cc/2yggpFYy/PXL-20260217-133637672.jpg
https://i.postimg.cc/7hjjvM4f/PXL-20260217-133639845.jpg
https://i.postimg.cc/rs776CTC/PXL-20260217-141557922.jpg
https://i.postimg.cc/Rh22rQmZ/PXL-20260217-141559615.jpg
https://i.postimg.cc/J0SSwc8J/PXL-20260217-141604738.jpg
https://i.postimg.cc/Gt660JRF/PXL-20260217-145153782.jpg
https://i.postimg.cc/6qFFsLKh/PXL-20260217-145155664.jpg
https://i.postimg.cc/nrNN8YxK/PXL-20260217-145200195.jpg",
Chophouse Sliema,Feb-26,Malta,Steakhouse; Mediterranean,,,8.0,,,,,,,,,,,,,,,7.5,7.5,,"https://i.postimg.cc/LXGMRMB4/IMG-3425.jpg
https://i.postimg.cc/Kcg2fRxL/IMG-3426.jpg
https://i.postimg.cc/zGN8V8mY/IMG-3427.jpg
https://i.postimg.cc/jd0rFtS7/IMG-3428.jpg
https://i.postimg.cc/jSv02f4b/PXL-20260216-182000544.jpg
https://i.postimg.cc/c18Shr0n/PXL-20260216-182238766.jpg
https://i.postimg.cc/65JNmtph/PXL-20260216-185219360.jpg
https://i.postimg.cc/9Fdj3K4R/PXL-20260216-190146840.jpg
https://i.postimg.cc/4x1ZcqZ2/PXL-20260216-190149957.jpg
https://i.postimg.cc/vHfGYDNv/PXL-20260216-190153034.jpg
https://i.postimg.cc/W1VThTRt/PXL-20260216-193442163.jpg
https://i.postimg.cc/FKW4WSY7/PXL-20260216-193444736.jpg
https://i.postimg.cc/rFxqVzHq/PXL-20260216-193446203.jpg",
One80 Valetta,Feb-26,Malta,Mediterranean; Modern European,,,8.5,,,,,,,,,,,,,,,7.5,8.0,,"https://i.postimg.cc/43M0HQKp/PXL-20260215-172539031.jpg
https://i.postimg.cc/rmrP1RxL/PXL-20260215-173445966.jpg
https://i.postimg.cc/Prz0VDcZ/PXL-20260215-173446749.jpg
https://i.postimg.cc/gjbBNcH8/PXL-20260215-174915713.jpg
https://i.postimg.cc/4yRFB4Qv/PXL-20260215-174917566.jpg
https://i.postimg.cc/x8Gp7r6K/PXL-20260215-174919416.jpg
https://i.postimg.cc/yNW5NbNC/PXL-20260215-174920942.jpg
https://i.postimg.cc/rFC7Z4br/PXL-20260215-174923556.jpg
https://i.postimg.cc/jdQB3f9y/PXL-20260215-181919136.jpg
https://i.postimg.cc/x1fhwCDq/PXL-20260215-181952883.jpg
https://i.postimg.cc/3wW6wcwW/PXL-20260215-181956323.jpg
https://i.postimg.cc/jSMmtbRq/PXL-20260215-181958334.jpg
https://i.postimg.cc/zf3Mfcf1/PXL-20260215-190616444.jpg",
Grain Street,Feb-26,Malta,Mediterranean; Modern European,,,8.5,,,,,,,,,,,,,,,8.5,7.5,,"https://i.postimg.cc/mrwxcHYj/PXL-20260217-184005203.jpg
https://i.postimg.cc/d0vPtBy2/PXL-20260217-185542380.jpg
https://i.postimg.cc/QMsGxbTp/PXL-20260217-192511479.jpg
https://i.postimg.cc/R095VRH1/PXL-20260217-192513543.jpg
https://i.postimg.cc/0NxR2fwd/PXL-20260217-192516020.jpg
https://i.postimg.cc/tg501x32/PXL-20260217-192604939.jpg
https://i.postimg.cc/435CK96F/PXL-20260217-200527088.jpg",BG
Luso,Feb-26,Malta,Portuguese,,,8.5,,,,8.5,8.25,,,,,8.1,8.2,,,,8.5,9.0,,"https://i.postimg.cc/x18gGbSn/PXL-20260214-135912644.jpg
https://i.postimg.cc/R0nRy5Ft/PXL-20260214-141333986.jpg
https://i.postimg.cc/0y4nV285/PXL-20260214-141343872.jpg
https://i.postimg.cc/zGQ7xXJJ/PXL-20260214-142704560.jpg
https://i.postimg.cc/2SyTdBfC/PXL-20260214-142714517.jpg
https://i.postimg.cc/3wDBV5R0/PXL-20260214-142746685.jpg
https://i.postimg.cc/26Rwfcb2/PXL-20260214-142751744.jpg
https://i.postimg.cc/hG7r6Wjy/PXL-20260214-142832110.jpg
https://i.postimg.cc/DzbgHkZb/PXL-20260214-150726740.jpg
https://i.postimg.cc/T2jkT6c4/PXL-20260214-150818795.jpg
https://i.postimg.cc/SNygsvTk/PXL-20260214-150821137.jpg
https://i.postimg.cc/BQqm6VYQ/PXL-20260214-151104698.jpg
https://i.postimg.cc/kMNj7myY/PXL-20260214-151125247.jpg
https://i.postimg.cc/8kdyTSb3/PXL-20260214-151129320.jpg
https://i.postimg.cc/Y2NXtHx5/PXL-20260214-151131098.jpg
https://i.postimg.cc/pX2sT6GH/PXL-20260214-151136336.jpg",
Harbour Club,Feb-26,Malta,Mediterranean; French,,,8.5,,,,,,,,,,,,,,,8.0,9.0,,"https://i.postimg.cc/j2CrYSJH/IMG-3447.jpg
https://i.postimg.cc/zvMYzYCf/PXL-20260216-123911459.jpg
https://i.postimg.cc/1XT1m1G6/PXL-20260216-123914306.jpg
https://i.postimg.cc/qqYHJHsz/PXL-20260216-123917144.jpg
https://i.postimg.cc/mkqWLWYz/PXL-20260216-123941686.jpg
https://i.postimg.cc/4yMRfR69/PXL-20260216-130932986.jpg
https://i.postimg.cc/SRjpbxM0/PXL-20260218-184828918.jpg
https://i.postimg.cc/Y0jwBCm8/PXL-20260218-184832017.jpg
https://i.postimg.cc/MHX8JpjD/PXL-20260218-184833386.jpg
https://i.postimg.cc/7hbyrZTN/PXL-20260218-190755994.jpg
https://i.postimg.cc/Y0VBrB6j/PXL-20260218-190757959.jpg
https://i.postimg.cc/WztPc1Jf/PXL-20260218-190800329.jpg
https://i.postimg.cc/7hbyrZTp/PXL-20260218-193540026.jpg
https://i.postimg.cc/J0tWCzBv/PXL-20260218-193542112.jpg",
A Wong,Feb-26,London,Chinese; Dim Sum; Fine Dining,,,8.0,9.0,,,,,,,,,,,,,,,,,"https://i.postimg.cc/d3WrD43T/20260207-192407.jpg
https://i.postimg.cc/ZKR6Xts9/20260207-193407.jpg
https://i.postimg.cc/tgh6FXJD/20260207-210648.jpg
https://i.postimg.cc/Y9H1PvTj/20260207-213946.jpg
https://i.postimg.cc/JnMkq9BL/PXL-20260207-191138845.jpg
https://i.postimg.cc/D0CLmB0z/PXL-20260207-192033144.jpg
https://i.postimg.cc/Y0XYjb0F/PXL-20260207-192035985.jpg
https://i.postimg.cc/Wb30xLYN/PXL-20260207-192330397.jpg
https://i.postimg.cc/bJ9Qfzjm/PXL-20260207-193157960.jpg
https://i.postimg.cc/zXBT4Z2k/PXL-20260207-193240724.jpg
https://i.postimg.cc/hj19RSq0/PXL-20260207-193242109.jpg
https://i.postimg.cc/vT85QpYs/PXL-20260207-193243489.jpg
https://i.postimg.cc/qMR2WVD7/PXL-20260207-193245168.jpg
https://i.postimg.cc/xC3KV0S8/PXL-20260207-193246506.jpg
https://i.postimg.cc/4y4pJrJQ/PXL-20260207-193247947.jpg
https://i.postimg.cc/4xHVNvTM/PXL-20260207-193253231.jpg
https://i.postimg.cc/8P0LSKx2/PXL-20260207-193255340.jpg
https://i.postimg.cc/yxfcWvx7/PXL-20260207-193258799.jpg
https://i.postimg.cc/L6bjpCGC/PXL-20260207-200213458.jpg
https://i.postimg.cc/bwSkN0hG/PXL-20260207-200216346.jpg
https://i.postimg.cc/tJrW72T8/PXL-20260207-200217746.jpg
https://i.postimg.cc/26rZwPBj/PXL-20260207-200219887.jpg
https://i.postimg.cc/WbH0vWxx/PXL-20260207-200221483.jpg
https://i.postimg.cc/LszPjH5B/PXL-20260207-200224541.jpg
https://i.postimg.cc/63XdP8F4/PXL-20260207-202315261.jpg
https://i.postimg.cc/C5MbFWh0/PXL-20260207-203403022.jpg
https://i.postimg.cc/HnWbpfp6/PXL-20260207-203408258.jpg
https://i.postimg.cc/BnPHQ50b/PXL-20260207-203416619.jpg
https://i.postimg.cc/C5vkdm5z/PXL-20260207-203427878.jpg
https://i.postimg.cc/Dw4LyQKR/PXL-20260207-210630923.jpg
https://i.postimg.cc/3NLmWnNx/PXL-20260207-210636757.jpg
https://i.postimg.cc/wv2sb0hL/PXL-20260207-210641053.jpg
https://i.postimg.cc/CL1b9TrG/PXL-20260207-213931268.jpg
https://i.postimg.cc/MpfVK0Sk/PXL-20260207-213936071.jpg
https://i.postimg.cc/fTLY1nqT/PXL-20260207-214046064.jpg
https://i.postimg.cc/65mCXjFP/PXL-20260207-214500329.jpg
https://i.postimg.cc/D0CLmB0K/PXL-20260207-214501963.jpg
https://i.postimg.cc/Z5vpKPSB/PXL-20260207-214503391.jpg
https://i.postimg.cc/hjcdrH7j/PXL-20260207-214504728.jpg
https://i.postimg.cc/PJf1tBt3/PXL-20260207-214506776.jpg
https://i.postimg.cc/RhPKqXhw/PXL-20260207-215146220.jpg
https://i.postimg.cc/QC61V0CV/PXL-20260207-220642041.jpg
https://i.postimg.cc/NMBH4WrQ/PXL-20260207-220643805.jpg
https://i.postimg.cc/br6kd3rb/PXL-20260207-220649136.jpg
https://i.postimg.cc/VvsXY3Y9/PXL-20260207-222228129.jpg
https://i.postimg.cc/sX4pCVRg/PXL-20260207-222253233.jpg",2
Nora,Mar-26,London,Turkish; Anatolian,,,8.0,8.0,,,,,,,,,,,,,,,,,"https://i.postimg.cc/7ZJYTmhN/PXL-20260301-131145902.jpg
https://i.postimg.cc/W1qbJXz8/PXL-20260301-132409805.jpg
https://i.postimg.cc/Nj2frpF7/PXL-20260301-132411639.jpg
https://i.postimg.cc/nh9cQ0rT/PXL-20260301-133647032.jpg
https://i.postimg.cc/Dw4ybB0B/PXL-20260301-133648526.jpg
https://i.postimg.cc/t4nCV2J5/PXL-20260301-133650229.jpg
https://i.postimg.cc/BnPQ1Mbz/PXL-20260301-133651799.jpg
https://i.postimg.cc/W1qbJXzH/PXL-20260301-134408903.jpg
https://i.postimg.cc/T35YWChv/PXL-20260301-142711354.jpg",
Osteria Angelina,Mar-26,London,Italian; Japanese; Itameshi; Fusion,,,9.0,8.5,,,,,,,,,,,,,,,,,"https://i.postimg.cc/Gt3m8RTT/PXL-20260307-145640680.jpg
https://i.postimg.cc/BbZnL3PD/PXL-20260307-150733802.jpg
https://i.postimg.cc/2yjSbYLZ/PXL-20260307-151159403.jpg
https://i.postimg.cc/NFNfRnRd/PXL-20260307-151203325.jpg
https://i.postimg.cc/2yjSbYLW/PXL-20260307-151458472.jpg
https://i.postimg.cc/zvDGbNHc/PXL-20260307-151956710.jpg
https://i.postimg.cc/Kj9vtWnX/PXL-20260307-152023327.jpg
https://i.postimg.cc/mkd27n78/PXL-20260307-152311031.jpg
https://i.postimg.cc/Kj9vtWtQ/PXL-20260307-152312828.jpg
https://i.postimg.cc/rshF5H5H/PXL-20260307-154022913.jpg
https://i.postimg.cc/PfKxGC0p/PXL-20260307-154438502.jpg
https://i.postimg.cc/2yH8ntnJ/PXL-20260307-154440451.jpg
https://i.postimg.cc/d3WtGf8P/PXL-20260307-155818126.jpg
https://i.postimg.cc/vTPH5KWy/PXL-20260307-155819685.jpg
https://i.postimg.cc/sfKXFMb7/PXL-20260307-155827231.jpg",
Khao so I,Apr-26,London,Thai; Noodles,7.0,7.5,7.5,,,,,,,,,,,,,,,,,,"https://i.postimg.cc/sx3vYSqW/PXL-20260329-122327381.jpg
https://i.postimg.cc/XqnpfFmB/PXL-20260329-124823594.jpg
https://i.postimg.cc/yYYDWm0y/PXL-20260329-124825696.jpg
https://i.postimg.cc/d3nD43KM/PXL-20260329-125527190.jpg
https://i.postimg.cc/59mHx7Qq/PXL-20260329-125528384.jpg
https://i.postimg.cc/8PP7sRLZ/PXL-20260329-125529594.jpg
https://i.postimg.cc/TYYKhVnQ/PXL-20260329-125531020.jpg
https://i.postimg.cc/G3jBc7TH/PXL-20260329-125842135.jpg
https://i.postimg.cc/1RKg9CVW/PXL-20260329-132604577.jpg
https://i.postimg.cc/h40JSyQd/PXL-20260329-132606147.jpg
https://i.postimg.cc/WzStXzcY/PXL-20260329-132721574.jpg
https://i.postimg.cc/2yCVQvMq/PXL-20260329-132736305.jpg
https://i.postimg.cc/5yf6BvTC/PXL-20260329-132737551.jpg
https://i.postimg.cc/BbNtMbfr/PXL-20260329-132738856.jpg",
Jadro,Apr-26,Ljublana,Seafood,,,6.0,,,,,,,,,,,,,,,,,,"https://i.postimg.cc/T1vnZpSv/PXL-20260404-173809303.jpg
https://i.postimg.cc/nrfq6C5t/PXL-20260404-182021916.jpg",
Georgie Bistro,Apr-26,Ljublana,Modern European,,,8.0,,,,,,,,,,,,,,,,,,"https://i.postimg.cc/JhyJ0NCm/PXL-20260403-102804349.jpg
https://i.postimg.cc/d07d32cw/PXL-20260403-102903232.jpg
https://i.postimg.cc/cJKYCRGd/PXL-20260403-103030201.jpg
https://i.postimg.cc/RFKHQv0T/PXL-20260403-103535510-2.jpg
https://i.postimg.cc/6Q7Rqrx9/PXL-20260403-104124791.jpg
https://i.postimg.cc/Qt1TkjMJ/PXL-20260403-110847137.jpg",
Roe,Mar-26,London,British; Modern European,,,7.5,7.5,,,,,,,,,,,,,,,,,"https://i.postimg.cc/YSSR3LKk/PXL-20260406-175217549.jpg
https://i.postimg.cc/76GVvvZ5/PXL-20260406-175223718.jpg
https://i.postimg.cc/TPP095M2/PXL-20260406-175733798.jpg
https://i.postimg.cc/TPH9H2fY/PXL-20260406-175736461.jpg
https://i.postimg.cc/PqF4FfhB/PXL-20260406-175739181.jpg
https://i.postimg.cc/43F5F4sm/PXL-20260406-182250786.jpg
https://i.postimg.cc/d006BZPF/PXL-20260406-182254155-2.jpg
https://i.postimg.cc/TwL9883y/PXL-20260406-185855241.jpg",
FAN,Apr-26,London,Japanese; Peruvian; Nikkei,,,8.0,8.5,,,,,,,,,,,,,,,,,"https://i.postimg.cc/5Npr1VmB/PXL-20260502-182647902.jpg
https://i.postimg.cc/xTgZY2PZ/PXL-20260502-183726585.jpg
https://i.postimg.cc/HndSDZcB/PXL-20260502-184005327.jpg
https://i.postimg.cc/wBR4hsYw/PXL-20260502-191704493-MP.jpg
https://i.postimg.cc/ZnxMWttD/PXL-20260502-192448566.jpg
https://i.postimg.cc/Gtx54wwq/PXL-20260502-195224938.jpg
https://i.postimg.cc/2y7K1RRT/PXL-20260502-195905455.jpg
https://i.postimg.cc/qqTFBBYP/PXL-20260502-201317746.jpg
https://i.postimg.cc/wTFrHpk4/PXL-20260502-201932571-MP.jpg
https://i.postimg.cc/wvTtCDxP/PXL-20260502-184743493.jpg
https://i.postimg.cc/zBXLsTDQ/PXL-20260502-195855279.jpg
https://i.postimg.cc/ydYJM06b/PXL-20260502-195905455.jpg
https://i.postimg.cc/6357kC6b/PXL-20260502-201317746.jpg",
Impala,Apr-26,London,North African; Egyptian; Grill,,,8.0,8.5,,,9.0,8.5,,,,,,,,,,,,,"https://i.postimg.cc/HnMBMGGb/PXL-20260424-192155428.jpg
https://i.postimg.cc/sxWwWFFz/PXL-20260424-194040288.jpg
https://i.postimg.cc/MHBdBkkq/PXL-20260424-195342832.jpg
https://i.postimg.cc/ZnNVNkkn/PXL-20260424-195419468.jpg
https://i.postimg.cc/909J933r/PXL-20260424-195613081.jpg
https://i.postimg.cc/tJ62600s/PXL-20260424-195903122.jpg
https://i.postimg.cc/j2fZfVVw/PXL-20260424-195958848.jpg
https://i.postimg.cc/pV504jms/PXL-20260424-200128384-MP.jpg
https://i.postimg.cc/6qZYZssd/PXL-20260424-200315785.jpg
https://i.postimg.cc/dQZWpChH/PXL-20260424-201051222.jpg
https://i.postimg.cc/vTn3nRRM/PXL-20260424-201053804.jpg
https://i.postimg.cc/2yW2WppD/PXL-20260424-212710714.jpg",
Firebird,Apr-26,London,Mediterranean; Open Fire,,,9.0,9.0,,,,,,,,,,,,,,,,,"https://i.postimg.cc/9Mycsk5b/PXL-20260503-120505670.jpg
https://i.postimg.cc/wvD9nr8m/PXL-20260503-122626543.jpg
https://i.postimg.cc/Y0kt7xMY/PXL-20260503-123109772.jpg
https://i.postimg.cc/gJ3G17FR/PXL-20260503-123112371.jpg
https://i.postimg.cc/SRqm4Gk9/PXL-20260503-123618212-MP.jpg
https://i.postimg.cc/RFwv2Y5t/PXL-20260503-123620720.jpg
https://i.postimg.cc/26nCgtRh/PXL-20260503-125833458.jpg
https://i.postimg.cc/SscmHPFV/PXL-20260503-125837651.jpg
https://i.postimg.cc/8cDTGbNh/PXL-20260503-133027632.jpg",
Girl & The Goat,May-26,Chicago,New American; Global,,,8.0,,,,,,,,,,,,,7.75,,,,,"https://i.postimg.cc/gJ6qFBhv/PXL-20260512-233307826.jpg
https://i.postimg.cc/gJ6qFBhy/PXL-20260512-233311337.jpg
https://i.postimg.cc/JnBcVdXc/PXL-20260512-233547687.jpg
https://i.postimg.cc/qRCXVZKG/PXL-20260512-234515765.jpg
https://i.postimg.cc/Vvqq5rDf/PXL-20260512-235224684.jpg
https://i.postimg.cc/rsXG8CCM/PXL-20260512-235909634.jpg
https://i.postimg.cc/1XGG4nJ3/PXL-20260513-000752901.jpg
https://i.postimg.cc/zvCC3b0f/PXL-20260513-000815296.jpg",
Myrtos by Asimakis,May-26,London,Greek,,,8.0,,,,,,,,,,,,,,,8.0,,,"https://i.postimg.cc/CxHnHy8N/PXL-20260504-133134662.jpg
https://i.postimg.cc/rwCRC6W2/PXL-20260504-135011960.jpg
https://i.postimg.cc/L8BgBdfM/PXL-20260504-135014261.jpg
https://i.postimg.cc/pdWhs0YW/PXL-20260504-135842407-MP.jpg
https://i.postimg.cc/cLMtMq3D/PXL-20260504-135843900.jpg
https://i.postimg.cc/GmJTJ0D7/PXL-20260504-142418448.jpg
https://i.postimg.cc/sg9G9FWL/PXL-20260504-142419839.jpg
https://i.postimg.cc/2SFLFpWP/PXL-20260504-142421119.jpg
https://i.postimg.cc/bvyDm6Hc/PXL-20260504-142422691.jpg
https://i.postimg.cc/W4NF59mx/PXL-20260504-145139278.jpg",
Roe,Jun-24,London,British; Modern European,,,,,,,,,,,,,,,,,,,,8.0,"https://i.postimg.cc/nrbCYKry/IMG-1166.jpg
https://i.postimg.cc/MH2vb0Hh/IMG-1167.jpg
https://i.postimg.cc/vTFcL7TC/IMG-1168.jpg
https://i.postimg.cc/x8DcyG8h/IMG-1170.jpg
https://i.postimg.cc/5yd6q5j9/IMG-1171.jpg",
Atari Ya,Nov-17,London,Japanese; Sushi,,,,,,,,,,,,,,,,,,,,8.0,"https://i.postimg.cc/dVS3Njp1/20171119-132629.jpg
https://i.postimg.cc/GhKHGCjZ/20171119-132949.jpg
https://i.postimg.cc/nhLM1PdN/20171119-133101.jpg
https://i.postimg.cc/K8Y45H9H/20171119-133503.jpg
https://i.postimg.cc/XYvXgzHV/20171119-133824.jpg
https://i.postimg.cc/nhLM1PdS/20171119-134246.jpg",
Sake No Hana,Sep-16,London,Japanese; Sushi,,,,,,,,,,,,,,,,,,,,8.5,"https://i.postimg.cc/t4smWXHw/IMG-20160926-191919.jpg
https://i.postimg.cc/tCSMss8M/IMG-20160926-191931.jpg
https://i.postimg.cc/02WBzzhh/IMG-20160926-192921.jpg
https://i.postimg.cc/pXG6mm3g/IMG-20160926-200244.jpg
https://i.postimg.cc/vZ4SfQdJ/IMG-20160926-200251.jpg
https://i.postimg.cc/x1XFM02S/IMG-20160926-200613.jpg
https://i.postimg.cc/L6CbJJGQ/IMG-20160926-202906.jpg",
Sushimania,Dec-16,London,Japanese; Sushi,,,,,,,,,,,,,,,,,,,,7.0,"https://i.postimg.cc/mrN3Fqtk/IMG-20161222-195636.jpg
https://i.postimg.cc/cJM78jrL/IMG-20161222-201438.jpg
https://i.postimg.cc/Pqzb8cPf/IMG-20161222-201830.jpg
https://i.postimg.cc/sXjYPchx/IMG-20161222-201921.jpg
https://i.postimg.cc/Bvc51yX6/IMG-20161222-201926.jpg
https://i.postimg.cc/j5xH6X7K/IMG-20161222-204335.jpg",
Sushinoen,Aug-23,London,Japanese; Sushi,,,,,,,,,,,,,,,,,,,,8.0,https://i.postimg.cc/zGWWhMVg/20230813-144203.jpg,
Hare & Tortoise,Jan-18,London,Japanese; Sushi; Pan-Asian,,,,,,,,,,,,,,,,,,,,7.5,"https://i.postimg.cc/fbc4Swcw/20180111-182334.jpg
https://i.postimg.cc/CxfpYCdh/20180111-182427.jpg
https://i.postimg.cc/TPV85RrZ/20180111-182501(0).jpg
https://i.postimg.cc/d3HcQ486/20180111-182559.jpg
https://i.postimg.cc/Qth2pRmg/20180111-182901.jpg
https://i.postimg.cc/G2KZzqgX/20180111-182906.jpg
https://i.postimg.cc/TPMMPyD6/20180111-182947.jpg
https://i.postimg.cc/RVhzpxBt/20180111-183146.jpg
https://i.postimg.cc/mk2GG0FT/20180111-183150.jpg
https://i.postimg.cc/mkXWZ8QV/20180111-183156.jpg
https://i.postimg.cc/j2gYqZzg/20180111-183417.jpg",
Som Saa,Jan-18,London,Thai; Regional Thai,,,,,,,,,,,,,,,,,,,,7.5,"https://i.postimg.cc/d3qJVhgD/20180110-191719.jpg
https://i.postimg.cc/NFgQjKZ0/20180110-191721.jpg
https://i.postimg.cc/Fz9hHYw7/20180110-191828.jpg",
Sushi Atelier,Jul-18,London,Japanese; Sushi,,,,,,,,,,,,,,,,,,,,9.0,"https://i.postimg.cc/hvh3sgdL/20180719-124222.jpg
https://i.postimg.cc/rmfP5zzb/20180719-124814.jpg
https://i.postimg.cc/HnjPzHyp/20180719-125357.jpg
https://i.postimg.cc/XqXDL3CC/20180719-125401.jpg
https://i.postimg.cc/wvwGD377/20180719-130637.jpg
https://i.postimg.cc/tJ7mkyxd/20180719-131010.jpg",
Scotts,Jan-20,London,Seafood; British; Fine Dining,,,,,,,,,,,,,,,,,,,,9.0,"https://i.postimg.cc/QdcY0fH1/IMG-20200126-133216.jpg
https://i.postimg.cc/wjD40w7F/IMG-20200126-133219.jpg
https://i.postimg.cc/htVZp2f8/IMG-20200126-133222.jpg
https://i.postimg.cc/kgWYfTBF/IMG-20200126-133224.jpg
https://i.postimg.cc/6pCbYMyC/IMG-20200126-133227.jpg",
Yautcha,Aug-20,London,Chinese; Dim Sum,,,,,,,,,,,,,,,,,,,,8.5,"https://i.postimg.cc/vBKvQn4T/IMG-20200820-140226.jpg
https://i.postimg.cc/LXWVHPJm/IMG-20200820-140232.jpg
https://i.postimg.cc/bJ5RznZd/IMG-20200820-140235.jpg
https://i.postimg.cc/mDnSb9PH/IMG-20200820-142832.jpg",
Yautcha,Aug-20,London,Chinese; Dim Sum,,,,,,,,,,,,,,,,,,,,8.5,"https://i.postimg.cc/mZFnPZTT/IMG-20200830-131812.jpg
https://i.postimg.cc/c4ybwqJC/IMG-20200830-132514.jpg
https://i.postimg.cc/9F5nZ3fq/IMG-20200830-132517.jpg
https://i.postimg.cc/c4ybwqJH/IMG-20200830-132520.jpg
https://i.postimg.cc/v86K48GB/IMG-20200830-133133.jpg
https://i.postimg.cc/DykMLVzF/IMG-20200830-133139.jpg
https://i.postimg.cc/5NdRLctV/IMG-20200830-133143.jpg",
Royal China (Canary Wharf),May-21,London,Chinese; Dim Sum,,,,,,,,,,,,,,,,,,,,7.0,"https://i.postimg.cc/Twbc3wgm/20210530-122158.jpg
https://i.postimg.cc/63Zhp3nv/20210530-123001.jpg
https://i.postimg.cc/DZGcwZ13/20210530-123114.jpg
https://i.postimg.cc/XJ5gYJ9M/20210530-123209.jpg
https://i.postimg.cc/0QSCyQDS/20210530-123400.jpg
https://i.postimg.cc/1tFK3twY/20210530-125425.jpg
https://i.postimg.cc/85vbz5Md/20210530-125428.jpg",
Barrafina,Jun-21,London,Spanish; Tapas,,,,,,,,,,,,,,,,,,,,7.5,"https://i.postimg.cc/TYK3LDpD/20210620-140911.jpg
https://i.postimg.cc/sDMgQhvZ/20210620-140913.jpg
https://i.postimg.cc/658p2vy2/20210620-140916.jpg
https://i.postimg.cc/gk1kv2Zj/20210620-142528.jpg
https://i.postimg.cc/RV2VcZHN/20210620-143800.jpg
https://i.postimg.cc/TYBYr3Dw/20210620-144012.jpg
https://i.postimg.cc/SNnx2MJY/20210620-144301.jpg
https://i.postimg.cc/jdBdzS7D/20210620-145944.jpg",1
Galvin at Windows,Jul-21,London,French; Haute Cuisine; Fine Dining,,,,,,,,,,,,,,,,,,,,8.0,"https://i.postimg.cc/ydf7W1KX/20210710-205600.jpg
https://i.postimg.cc/G2Mb9LRv/20210710-211525.jpg
https://i.postimg.cc/MTszX6wR/20210710-215422.jpg
https://i.postimg.cc/50Pfj4JH/20210710-223111.jpg
https://i.postimg.cc/d1WJDsFh/20210710-224752.jpg",
Coal Office,Jul-21,London,Middle Eastern; Israeli,,,,,,,,,,,,,,,,,,,,7.5,"https://i.postimg.cc/V6HcmK9X/20210801-132844.jpg
https://i.postimg.cc/vH5HtdL3/20210801-141157.jpg
https://i.postimg.cc/VLXLWcB7/20210801-141201.jpg
https://i.postimg.cc/Hsbs9C4N/20210801-141205.jpg
https://i.postimg.cc/MK1Km8b4/20210801-141208.jpg",
Paladar,Aug-21,London,Latin American,,,,,,,,,,,,,,,,,,,,8.0,"https://i.postimg.cc/kGK9sx8f/20210808-121503.jpg
https://i.postimg.cc/rsxcjSW1/20210808-121511.jpg
https://i.postimg.cc/vTfMhW9t/20210808-123601.jpg
https://i.postimg.cc/ZnpZHr3P/20210808-125056.jpg
https://i.postimg.cc/D0LF6qsd/20210808-133434-001.jpg",BG
The Ivy (Canary Wharf),Sep-21,London,British; Modern European,,,,,,,,,,,,,,,,,,,,7.5,"https://i.postimg.cc/7h380q82/20210904-124711.jpg
https://i.postimg.cc/905HDrSy/20210904-124714.jpg
https://i.postimg.cc/SR6FCmFn/20210904-124717.jpg
https://i.postimg.cc/VvqQnzQS/20210904-130436.jpg
https://i.postimg.cc/gjFbxn5V/20210904-130441.jpg",
Milk Beach,Sep-21,London,Australian; Modern European,,,,,,,,,,,,,,,,,,,,7.0,"https://i.postimg.cc/Wzb667xY/20220930-202445.jpg
https://i.postimg.cc/tJSdrxHL/20220930-202448.jpg
https://i.postimg.cc/Xq7ccgtH/20220930-202450.jpg
https://i.postimg.cc/7hs1B2k8/20220930-202509.jpg
https://i.postimg.cc/J063TkWS/20220930-202512.jpg
https://i.postimg.cc/HnZ0Syg1/20220930-202515.jpg
https://i.postimg.cc/prXYYB36/20220930-205002.jpg
https://i.postimg.cc/qqMXXGWY/20220930-205004.jpg",
Blacklock,Jun-23,London,British; Steakhouse; Chops,,,,,,,,,,,,,,,,,,,,8.0,https://i.postimg.cc/XqJdyYC3/20230607-190316.jpg,
The Grazing Goat,Oct-23,London,British; Pub,,,,,,,,,,,,,,,,,,,,7.5,"https://i.postimg.cc/kGBRgY0B/20231007-153031.jpg
https://i.postimg.cc/Fz7kHCM5/20231007-153033.jpg
https://i.postimg.cc/prp5Lcgg/20231007-153036.jpg",
Goodman (Canary Wharf),Jan-24,London,American; Steakhouse,,,,,,,,,,,,,,,,,,,,8.5,"https://i.postimg.cc/T1Lh6Lb3/IMG-0878.jpg
https://i.postimg.cc/gjXrWXhk/IMG-0879.jpg
https://i.postimg.cc/NF9Lc9XT/IMG-0880.jpg
https://i.postimg.cc/Vvr58rtC/IMG-0881.jpg
https://i.postimg.cc/Gt89C8D9/IMG-0882.jpg
https://i.postimg.cc/90RzhR9j/IMG-0883.jpg
https://i.postimg.cc/HnqnsY0r/IMG-0886.jpg
https://i.postimg.cc/3N4WT4G2/IMG-0887.jpg
https://i.postimg.cc/2yb3DbWj/IMG-0888.jpg
https://i.postimg.cc/9060FmP9/IMG-0889.jpg",
Bamboo Mat,Feb-24,London,Japanese; Peruvian; Nikkei,,,,,,,,,,,,,,,,,,,,8.5,"https://i.postimg.cc/Hk4ndCrr/IMG-0020.jpg
https://i.postimg.cc/52qybMXy/IMG-0021.jpg
https://i.postimg.cc/13cXsZ84/IMG-0022.jpg",
Bokan,Mar-24,London,Modern European; British,,,,,,,,,,,,,,,,,,,,7.0,"https://i.postimg.cc/3JGZT92d/IMG-0065.jpg
https://i.postimg.cc/15FKQMDt/IMG-0066.jpg",
681 Bulgarian Restaurant,May-24,London,Bulgarian,,,,,,,,,,,,,,,,,,,,7.0,https://i.postimg.cc/GpXFQfnX/IMG-1111.jpg,
Blacklock,Jun-24,London,British; Steakhouse; Chops,,,,,,,,,,,,,,,,,,,,9.0,"https://i.postimg.cc/pTgncbGG/IMG-1155.jpg
https://i.postimg.cc/hjH7ZWyC/IMG-1156.jpg
https://i.postimg.cc/ydwSp4QL/IMG-1157.jpg
https://i.postimg.cc/DZWXcygY/IMG-1158.jpg",
J Sheekey,Jul-24,London,Seafood; British,,,,,,,,,,,,,,,,,,,,7.0,"https://i.postimg.cc/dVtDBVQQ/IMG-1260.jpg
https://i.postimg.cc/52Nj329N/IMG-1261.jpg
https://i.postimg.cc/sgD1cgf7/IMG-1262.jpg
https://i.postimg.cc/Dwymgwf4/IMG-1263.jpg
https://i.postimg.cc/9QFzpQX0/IMG-1264.jpg
https://i.postimg.cc/Dwymgwfz/IMG-1265.jpg",
The Orange,Aug-24,London,British; Pub,,,,,,,,,,,,,,,,,,,,7.0,"https://i.postimg.cc/JnBQzQ9W/PXL-20240825-135542996-MP.jpg
https://i.postimg.cc/hj70t0HF/PXL-20240825-141311162-MP.jpg
https://i.postimg.cc/MTjYpYgC/PXL-20240825-141315324-MP.jpg
https://i.postimg.cc/NMrxjxWv/PXL-20240825-141317901-MP.jpg",
Bob Bob Ricard,Oct-24,London,British; Russian; Modern European; Fine Dining,,,8.0,9.0,,,,,,,,,,,,,,,,,"https://i.postimg.cc/6pfWDJqx/PXL-20241019-183357700-MP.jpg
https://i.postimg.cc/bw9yKcr8/PXL-20241019-184448824-MP.jpg
https://i.postimg.cc/mgyL0fkB/PXL-20241019-184450983-MP.jpg
https://i.postimg.cc/zfdJGCTV/PXL-20241019-184459974-MP.jpg
https://i.postimg.cc/SKQS4TYW/PXL-20241019-184508745-MP.jpg
https://i.postimg.cc/hG4DnyQX/PXL-20241019-184513200-MP.jpg
https://i.postimg.cc/1zRmSCVs/PXL-20241019-190041587-MP.jpg
https://i.postimg.cc/vmPQZr50/PXL-20241019-192213138-MP.jpg
https://i.postimg.cc/k5jngQWW/PXL-20241019-192214956-MP.jpg
https://i.postimg.cc/7LBxZ3S2/PXL-20241019-192217102-MP.jpg
https://i.postimg.cc/jS4xG020/PXL-20241019-195449041-MP.jpg
https://i.postimg.cc/k5jngQWw/PXL-20241019-200243738-MP.jpg",
Seafood Bar,Oct-24,London,Seafood,,,,,,,,,,,,,,,,,,,,7.5,"https://i.postimg.cc/bYnj7cVM/PXL-20241026-144458516.jpg
https://i.postimg.cc/5NMM17DK/PXL-20241026-144500345-MP.jpg
https://i.postimg.cc/jdrrKgB8/PXL-20241026-152017520-MP.jpg
https://i.postimg.cc/BZFGr97R/PXL-20241026-152019522-MP.jpg
https://i.postimg.cc/bwycSGy3/PXL-20241026-152023017-MP.jpg
https://i.postimg.cc/sgTFYV1y/PXL-20241026-160447676-MP.jpg",
Marceline ,Nov-24,London,French,,,,,,,,,,,,,,,,,,,,7.5,"https://i.postimg.cc/cHVDSJ47/PXL-20241129-205707743.jpg
https://i.postimg.cc/LXryps6t/PXL-20241129-205711886.jpg
https://i.postimg.cc/G2ZMCphJ/PXL-20241129-220158052-MP.jpg",
,,,,,,,,,,,,,,,,,,,,,,,,,
,,,,,,,,,,,,,,,,,,,,,,,,,
,,,,,,,,,,,,,,,,,,,,,,,,,
,,,,,,,,,,,,,,,,,,,,,,,,,
,,,,,,,,,,,,,,,,,,,,,,,,,
,,,,,,,,,,,,,,,,,,,,,,,,,
